"quad","year","SP_ID","x","y","GenID"
"Q1",2007,0,8.4461626711,94.7550199737,1
"Q1",2007,1,26.2976316676,90.7713913851,2
"Q1",2007,2,13.9989132008,78.6623688399,3
"Q1",2007,14,18.4794908328,4.7634484276,4
"Q1",2007,15,65.3113058242,36.3436594845,5
"Q1",2007,16,86.7789850201,6.0805853021,6
"Q1",2007,19,98.9951162859,32.6107085652,7
"Q1",2007,24,72.7544300646,1.6186512885,8
"Q1",2007,25,37.9351940615,2.0419853323,9
"Q1",2007,26,12.6409767135,10.2970018559,10
"Q1",2007,27,62.9119106542,16.1178465154,11
"Q1",2007,28,56.0327299954,21.8328583313,12
"Q1",2007,29,67.5685864708,27.5478692573,13
"Q1",2007,30,10.4184723161,48.6087448326,14
"Q19",2007,15,71.9027734065,91.9821845446,1
"Q19",2007,16,57.8580001845,90.8488248084,2
"Q19",2007,17,97.0059943258,13.9462469188,3
"Q19",2007,18,74.8275816901,23.2633192154,4
"Q19",2007,19,56.2021129988,47.8188877031,5
"Q19",2007,20,60.8182125403,25.9928956337,6
"Q19",2007,21,54.5142039181,13.5388800874,7
"Q19",2007,22,61.8399759716,9.9501627823,8
"Q19",2007,23,39.7145354897,17.1271473245,9
"Q19",2007,24,38.1617461232,23.8343006881,10
"Q19",2007,25,18.2186830009,49.8511795182,11
"Q19",2007,34,67.907539663,12.523093977,12
"Q19",2007,35,60.182980758,20.4457176165,13
"Q19",2007,36,52.7555214018,29.0615707188,14
"Q19",2007,37,49.4874392673,30.844161338,15
"Q19",2007,38,61.7675057528,35.5977354328,16
"Q19",2007,39,50.7748651582,37.380326052,17
"Q19",2007,40,61.8665387875,41.7377693429,18
"Q19",2007,43,44.5357995482,84.5199370852,19
"Q2",2007,0,22.1326864892,89.7284303951,1
"Q2",2007,1,53.5546890076,76.5102470921,2
"Q2",2007,5,24.6876464205,60.7803818659,3
"Q2",2007,6,33.6845756146,56.0791939637,4
"Q2",2007,7,52.6178075443,55.5119107499,5
"Q2",2007,8,53.012644207,64.9496826151,6
"Q2",2007,13,68.5967904278,43.002328649,7
"Q2",2007,14,98.367291054,47.2652796486,8
"Q2",2007,30,6.1005901243,4.294513677,9
"Q2",2007,52,89.8490309201,46.7280505043,10
"Q2",2007,54,55.6439191501,56.8144104484,11
"Q2",2007,59,69.2114893886,74.3770635266,12
"Q2",2007,67,0.4120376316,79.6347685048,13
"Q2",2007,75,20.9172869964,95.1790707368,14
"Q2",2007,76,11.9875815346,98.0233472056,15
"Q20",2007,0,8.6986799948,98.6081757749,1
"Q20",2007,3,29.0412597321,84.976993696,2
"Q20",2007,18,96.1557947103,95.7512723809,3
"Q20",2007,29,91.2662747736,79.8029369451,4
"Q20",2007,41,50.5739145583,43.1443235862,5
"Q20",2007,42,43.0590693778,36.8899269131,6
"Q20",2007,46,32.7944729317,25.450413844,7
"Q20",2007,48,21.8353664761,16.9247659523,8
"Q20",2007,50,31.2442628066,20.3083175017,9
"Q20",2007,52,38.0510814601,17.0092638409,10
"Q20",2007,56,85.5194175107,22.7261904234,11
"Q20",2007,64,17.8142603413,5.1341333482,12
"Q20",2007,65,20.7051246,9.2372950194,13
"Q20",2007,67,0.1824662861,20.6497489559,14
"Q20",2007,70,38.9084644572,43.0306332662,15
"Q20",2007,71,2.7260356157,56.8321786873,16
"Q20",2007,72,4.8708696706,56.8321786873,17
"Q20",2007,73,7.481973159,57.2984463411,18
"Q20",2007,75,95.9183832189,83.622724621,19
"Q20",2007,76,3.5575410593,89.4899088014,20
"Q21",2007,14,34.46310039,24.0103917713,1
"Q21",2007,20,85.3495464623,50.8147846523,2
"Q21",2007,23,98.4963797887,62.6243202332,3
"Q21",2007,25,35.8764024375,40.0079518159,4
"Q21",2007,28,47.301103565,60.7537663504,5
"Q21",2007,59,41.2053301654,11.8447868962,6
"Q21",2007,76,18.4332995608,61.1738456361,7
"Q21",2007,77,67.9485052389,61.1738456361,8
"Q21",2007,89,50.2645029568,92.4466073278,9
"Q21",2007,90,51.5675346383,94.8044738835,10
"Q22",2007,2,14.1238920832,90.4556949459,1
"Q22",2007,3,9.0617239585,81.44635424,2
"Q22",2007,6,37.0891080785,82.6324987033,3
"Q22",2007,8,17.2603647293,72.804567638,4
"Q22",2007,18,90.1198600544,89.9969230677,5
"Q22",2007,19,86.8386656365,80.7218194417,6
"Q22",2007,21,81.1434114325,63.4268899638,7
"Q22",2007,22,65.7790653775,63.9628919775,8
"Q22",2007,23,63.0076724823,58.6790664539,9
"Q22",2007,24,0.7409096786,49.7443567829,10
"Q22",2007,25,0.7948943993,36.6478496822,11
"Q22",2007,26,5.0153932866,35.2158185048,12
"Q22",2007,29,14.4917529411,22.4899674747,13
"Q22",2007,30,20.2092110305,23.9678598215,14
"Q22",2007,31,16.3708579173,17.8887404582,15
"Q22",2007,34,35.807773631,40.497966206,16
"Q22",2007,42,81.8325175467,20.8414276931,17
"Q22",2007,45,93.0703150794,48.5396997753,18
"Q22",2007,47,83.8029682759,4.3764562825,19
"Q22",2007,54,60.7222090516,34.81670058,20
"Q22",2007,65,52.6166090189,70.4507537303,21
"Q22",2007,68,16.7604331349,93.4908562052,22
"Q22",2007,69,93.3740127471,96.4498473774,23
"Q23",2007,2,22.9124159222,61.361932276,1
"Q23",2007,7,89.7219663023,45.7257348845,2
"Q23",2007,23,74.9278911426,15.6935683958,3
"Q23",2007,24,28.4113986928,34.8305829155,4
"Q23",2007,27,13.2776439621,26.9673280892,5
"Q23",2007,30,9.9647338705,4.8719090259,6
"Q23",2007,31,15.2217186035,3.3384769617,7
"Q23",2007,32,16.1709195114,9.9029898174,8
"Q23",2007,45,65.5276004897,7.9801152196,9
"Q23",2007,55,78.3787112175,14.9828158779,10
"Q23",2007,56,81.3798691509,16.3679658302,11
"Q23",2007,80,96.3087052521,41.3006605232,12
"Q23",2007,101,2.6571950234,77.4684575179,13
"Q23",2007,116,74.8388849951,96.9375059676,14
"Q24",2007,0,5.1602887138,98.8984022628,1
"Q24",2007,7,41.5238445626,75.3105649107,2
"Q24",2007,8,36.3461884815,72.443779281,3
"Q24",2007,11,80.3819962468,96.9902335677,4
"Q24",2007,12,77.0441546622,96.0438088469,5
"Q24",2007,13,93.4491509392,84.3564817389,6
"Q24",2007,15,65.5983736869,70.6663471989,7
"Q24",2007,16,59.9568778076,77.3144187256,8
"Q24",2007,17,74.9570109223,87.5379097999,9
"Q24",2007,18,77.6499469223,55.4316653757,10
"Q24",2007,19,98.9860255847,57.9313601746,11
"Q24",2007,22,26.6591383883,42.3229212498,12
"Q24",2007,24,46.6564819319,31.077312746,13
"Q24",2007,25,42.6038565878,25.6176562733,14
"Q24",2007,26,64.2329299536,2.4770240984,15
"Q24",2007,28,65.6668172576,12.3142449095,16
"Q24",2007,29,99.4013087934,44.8884361096,17
"Q24",2007,34,6.5862148805,11.5889746386,18
"Q24",2007,35,10.2888858148,0.8373377261,19
"Q24",2007,42,50.1059325342,10.1787260998,20
"Q24",2007,44,6.3010380255,13.7734028386,21
"Q24",2007,46,29.2902478441,21.5479354227,22
"Q24",2007,47,33.2193129616,22.8018926212,23
"Q24",2007,48,31.7981613513,24.4738354043,24
"Q24",2007,49,37.0647808732,29.8240512422,25
"Q24",2007,51,34.8076580938,33.8367135655,26
"Q24",2007,52,33.6372981012,40.3572893961,27
"Q24",2007,56,82.7924088928,58.9158517518,28
"Q24",2007,57,10.6480887275,59.9190177775,29
"Q24",2007,59,59.0508255559,71.5390173834,30
"Q24",2007,61,30.4606073918,73.7125434017,31
"Q24",2007,62,16.7506785286,74.1305285413,32
"Q24",2007,64,35.7272269137,77.808802931,33
"Q24",2007,65,69.9184520884,82.1558527431,34
"Q24",2007,69,89.3965823741,87.9240550554,35
"Q24",2007,71,91.235719124,89.8467885663,36
"Q24",2007,72,10.230102698,94.444630886,37
"Q25",2007,0,17.259299511,96.9247343505,1
"Q25",2007,1,89.8894449914,47.260559134,2
"Q25",2007,2,98.1088832591,25.5706295519,3
"Q25",2007,10,41.0861603769,3.8353073157,4
"Q25",2007,11,96.9932950001,5.218169012,5
"Q25",2007,12,41.8763677596,5.6791229107,6
"Q25",2007,13,94.6226746315,29.7804314004,7
"Q25",2007,14,98.112754532,33.8631673942,8
"Q25",2007,15,92.3179042478,34.6533738871,9
"Q25",2007,16,91.132594286,37.7483512086,10
"Q25",2007,17,83.4280779768,64.6812339656,11
"Q25",2007,18,83.8890318756,67.5786591077,12
"Q25",2007,19,27.9596340293,90.8194689751,13
"Q25",2007,20,30.7253574219,92.0047793819,14
"Q26",2007,1,22.3273074439,62.3303271807,1
"Q26",2007,3,31.7795047375,92.4775498901,2
"Q26",2007,4,45.8135101656,99.5927153225,3
"Q26",2007,6,71.5022157661,58.9128472148,4
"Q26",2007,8,90.4405090417,56.2596372912,5
"Q26",2007,9,96.5489879537,51.9612916947,6
"Q26",2007,10,0.9413681304,42.9226045342,7
"Q26",2007,11,14.3713573398,34.1446068105,8
"Q26",2007,12,46.4820144575,32.8012631804,9
"Q26",2007,13,51.9134722274,43.6182230608,10
"Q26",2007,14,52.9218669107,39.2517930969,11
"Q26",2007,16,73.2976698827,26.9832338614,12
"Q26",2007,17,63.5530674972,54.8696591717,13
"Q26",2007,19,67.3848299582,8.3269551332,14
"Q26",2007,20,90.4920630281,16.3306689359,15
"Q26",2007,21,1.6605256464,8.2659490378,16
"Q26",2007,22,7.1963285118,0.5193767827,17
"Q26",2007,26,70.9996901232,0.0646141607,18
"Q26",2007,27,57.9295755385,0.9110800816,19
"Q26",2007,28,45.8225213213,2.4244613583,20
"Q26",2007,29,56.484983875,2.6308315323,21
"Q26",2007,30,54.2149115152,3.1811519966,22
"Q26",2007,31,74.4391943593,4.0754231958,23
"Q26",2007,33,41.4887463308,4.9009043371,24
"Q26",2007,35,18.0313298695,5.8639651495,25
"Q26",2007,36,20.3701927323,6.1391253816,26
"Q26",2007,39,30.9638643381,13.3620841441,27
"Q26",2007,40,93.081304979,13.5684543181,28
"Q26",2007,41,9.8453111845,15.6321565039,29
"Q26",2007,42,16.724318322,15.976106794,30
"Q26",2007,43,0.0947696346,16.8015879353,31
"Q26",2007,44,9.6389410104,20.1723012236,32
"Q26",2007,45,33.3715177038,21.616893332,33
"Q26",2007,46,20.9893036995,23.1302746086,34
"Q26",2007,48,30.4823339319,26.0194583806,35
"Q26",2007,49,25.185498129,28.2895307404,36
"Q26",2007,50,74.0264535663,35.7876488451,37
"Q26",2007,51,40.3193153443,38.8144127331,38
"Q26",2007,52,5.8554864841,40.1214238356,39
"Q26",2007,54,65.6340638173,47.9634926754,40
"Q26",2007,55,80.5621631206,51.3259596993,41
"Q26",2007,56,16.2427879158,53.1227488072,42
"Q26",2007,58,94.1138081114,56.6915864501,43
"Q26",2007,59,46.5104223465,57.5941034688,44
"Q26",2007,61,5.0300057878,63.0973098907,45
"Q26",2007,62,93.21888554,63.7164208579,46
"Q26",2007,63,85.0328659652,63.99158109,47
"Q26",2007,64,95.2825877258,65.4361723086,48
"Q26",2007,65,3.9293644144,68.0501958484,49
"Q26",2007,66,63.0200411673,74.3788825218,50
"Q26",2007,67,59.6493269892,77.0616956747,51
"Q26",2007,69,9.3637798885,81.3954706652,52
"Q26",2007,70,5.0300057878,82.1521613035,53
"Q26",2007,71,33.5090978199,90.6821307236,54
"Q26",2007,72,53.3206403159,91.1636615747,55
"Q26",2007,73,20.5077728483,91.6451924258,56
"Q26",2007,74,83.4506941856,92.4706731221,57
"Q26",2007,75,26.4925096764,92.6770432962,58
"Q26",2007,76,60.9563385367,94.947116101,59
"Q26",2007,77,45.4785714761,95.1534862751,60
"Q26",2007,78,7.4376582637,96.9420286736,61
"Q26",2007,79,57.7919949775,99.2808910915,62
"Q26",2007,80,89.0914807236,99.9281856715,63
"Q26",2007,81,5.9364480744,77.4759636362,64
"Q27",2011,32,95.2131283724,45.5553440634,1
"Q27",2011,33,94.1510704175,25.5556940579,2
"Q27",2011,34,87.1230136251,23.0381840991,3
"Q27",2011,35,50.9988528169,36.2434639643,4
"Q27",2011,36,62.7954045586,15.9760095637,5
"Q27",2011,37,54.8167847294,16.7065925465,6
"Q27",2011,38,38.1789809947,55.7230923955,7
"Q27",2011,39,49.7003218851,70.3538581566,8
"Q27",2011,40,31.2481944425,98.6074927293,9
"Q27",2011,41,17.2239010561,78.4579941603,10
"Q27",2011,42,17.5462471636,86.0048967489,11
"Q27",2011,43,44.1670099245,49.0758926473,12
"Q27",2011,44,52.769515606,51.2666688119,13
"Q27",2011,45,69.3722370876,40.288309899,14
"Q27",2011,46,58.4154474875,36.0255067238,15
"Q27",2011,47,25.8332966246,28.1160788336,16
"Q27",2011,48,6.8121813948,36.0961323476,17
"Q27",2011,49,4.0146260209,37.8589068174,18
"Q27",2011,50,7.5064057028,42.8776954998,19
"Q27",2011,51,6.8398539514,47.8108087165,20
"Q27",2011,52,7.5967391374,61.6784669419,21
"Q27",2011,53,98.0946603259,9.2913900535,22
"Q27",2011,54,27.2474910102,23.3419217484,23
"Q27",2011,56,50.3210868628,44.7327626384,24
"Q27",2011,65,66.5625220632,14.1542878946,25
"Q27",2011,66,67.0916898404,15.9005413815,26
"Q27",2011,68,69.1025281057,18.4405460892,27
"Q27",2011,76,77.8867119616,28.918067455,28
"Q27",2011,77,64.9221027547,29.5530685207,29
"Q27",2011,78,75.8758750311,30.2939033198,30
"Q27",2011,80,67.9912761295,30.3468201865,31
"Q27",2011,81,66.1921048861,30.3997370532,32
"Q27",2011,83,73.7592039222,31.405155741,33
"Q27",2011,89,10.3649106194,34.1039110488,34
"Q27",2011,92,8.0365729336,38.2314190881,35
"Q27",2011,93,9.5182420869,41.5122590399,36
"Q27",2011,94,3.3798966721,42.4647608609,37
"Q27",2011,96,50.8991584383,44.4755982363,38
"Q27",2011,116,44.8137294454,55.5881206679,39
"Q27",2011,121,11.5290799072,62.996468659,40
"Q27",2011,123,11.8465797727,65.0073060344,41
"Q27",2011,126,53.3862467243,67.4943943203,42
"Q27",2011,130,53.1216632806,68.4468965863,43
"Q27",2011,131,53.7037470347,70.1931500731,44
"Q28",2011,0,11.0298466125,83.5911632689,1
"Q28",2011,1,61.4416315598,98.1163280436,2
"Q28",2011,2,67.266558079,79.2471987097,3
"Q28",2011,3,95.8195370741,29.9811680972,4
"Q28",2011,4,75.8810680895,15.347002382,5
"Q28",2011,5,62.2136265922,1.8464608052,6
"Q28",2011,6,45.441210327,24.6799011691,7
"Q28",2011,7,38.3536865169,23.7984538401,8
"Q28",2011,8,29.0941893311,7.6863475524,9
"Q28",2011,9,29.682438893,13.1076924858,10
"Q28",2011,10,5.3393151867,41.2952204361,11
"Q28",2011,11,20.2978694875,54.2218319917,12
"Q28",2011,12,80.1520432737,1.1158303194,13
"Q28",2011,13,37.7036147834,53.9746431165,14
"Q28",2011,41,28.2845524834,1.7855514438,15
"Q28",2011,42,93.4603774808,2.7556919238,16
"Q28",2011,43,25.418227246,4.0345138296,17
"Q28",2011,56,64.3561524038,14.4414792249,18
"Q28",2011,59,31.3272669799,15.7643986679,10
"Q28",2011,62,28.9460124274,17.26370737,10
"Q28",2011,72,2.5758204211,37.5484699384,19
"Q28",2011,73,2.8404047546,39.2241678996,20
"Q28",2011,74,2.7522092352,40.1061141949,21
"Q28",2011,78,7.9115948405,61.2728230587,22
"Q28",2011,79,7.4706216929,63.0808127417,23
"Q28",2011,81,3.060890661,76.1777136704,24
"Q3",2007,2,4.8568124767,78.9617955534,1
"Q3",2007,7,44.690323045,93.649027092,2
"Q3",2007,8,58.8402920248,58.0471721265,3
"Q3",2007,9,43.423662111,45.0196230107,4
"Q3",2007,11,55.86095442,20.2793984303,5
"Q3",2007,12,60.8943044566,14.910507348,6
"Q3",2007,14,52.0386553049,1.7105592257,7
"Q3",2007,25,24.5595419884,1.9273034267,8
"Q3",2007,40,46.3877103512,52.4099043893,9
"Q3",2007,42,40.1964480697,62.9668006103,10
"Q3",2007,50,52.0233464221,86.6999730601,11
"Q3",2007,51,63.6914950642,88.446226102,12
"Q31",2011,2,35.1611324817,65.6417443234,1
"Q31",2011,3,51.5615440744,69.237899153,2
"Q31",2011,4,49.8226875459,80.1908784973,3
"Q31",2011,5,56.4414670904,74.9494607063,4
"Q31",2011,6,10.2231693896,93.2671253938,5
"Q31",2011,34,10.7860566029,32.2353370704,6
"Q31",2011,35,98.4956065544,32.5440180513,7
"Q31",2011,39,98.8483855175,34.7047862525,8
"Q31",2011,47,51.2232900179,42.8627883721,9
"Q31",2011,48,73.6688203425,44.3179999819,10
"Q31",2011,51,49.0625222616,47.272519404,11
"Q31",2011,53,49.4593969822,50.2711368082,12
"Q31",2011,55,97.8782437028,51.241277733,13
"Q31",2011,56,95.5851846696,52.2996132875,14
"Q31",2011,58,20.5756591465,57.0180253002,15
"Q31",2011,61,20.7520492954,64.2499840322,16
"Q32",2011,81,9.5104904754,76.4165680711,1
"Q32",2011,83,8.7167388096,71.5217667993,2
"Q32",2011,84,16.9629364487,64.2457100851,3
"Q33",2011,48,85.1469354288,9.0575984453,1
"Q33",2011,49,83.6426660456,12.833849335,2
"Q33",2011,50,80.7665663466,9.8762647773,3
"Q33",2011,51,2.7184082346,29.5764488677,4
"Q33",2011,52,15.1504626127,27.5793652397,5
"Q33",2011,53,11.7255103543,31.038586402,6
"Q33",2011,56,83.4827923043,1.9548134278,7
"Q33",2011,90,80.7691618883,3.8661663532,8
"Q33",2011,91,80.1958965739,8.0995085709,9
"Q33",2011,96,78.2115176318,6.2474209058,10
"Q33",2011,100,75.0806089507,6.6001994239,11
"Q33",2011,105,70.8913638253,0.0737042345,12
"Q33",2011,106,69.0833745872,7.9672168491,13
"Q33",2011,132,38.5680358826,33.0144880776,14
"Q33",2011,161,11.97735708,23.0925938122,15
"Q33",2011,162,11.0072166,21.0641177778,16
"Q34",2011,4,49.8499923319,64.8570692279,1
"Q34",2011,5,95.2480517466,85.1823867982,2
"Q34",2011,6,54.8827553105,33.0966756709,3
"Q34",2011,7,37.1958115316,52.9466505427,4
"Q34",2011,23,65.4847139898,12.6855671531,5
"Q34",2011,29,64.205892084,18.9473854052,6
"Q34",2011,37,47.8457903074,25.5178846381,7
"Q34",2011,43,67.33680121,30.9859512244,8
"Q34",2011,46,64.02950238,34.2050540901,9
"Q34",2011,47,99.0427671909,34.6019301455,10
"Q34",2011,53,70.3795157065,42.7158351728,11
"Q34",2011,56,86.9601042794,45.4498691333,12
"Q34",2011,57,80.4777996759,45.5821604103,13
"Q34",2011,59,10.8040494621,55.1071795102,14
"Q34",2011,60,76.2885549955,55.8127369914,15
"Q34",2011,61,65.8374929528,55.9891258055,16
"Q34",2011,62,66.8517305251,57.8853101181,17
"Q34",2011,63,8.8196700751,57.9294072104,18
"Q34",2011,64,76.1121657364,58.5467696171,19
"Q34",2011,65,11.2891192571,62.6037221308,20
"Q34",2011,67,30.8242281419,69.1742213638,21
"Q34",2011,68,34.3961104156,69.4388052524,22
"Q34",2011,71,31.2652012896,71.7759631575,23
"Q34",2011,72,4.9832034679,72.7020069901,24
"Q34",2011,74,34.0433323424,75.788818134,25
"Q34",2011,75,31.7943690668,76.4943756152,26
"Q34",2011,76,23.0631011878,78.0377809647,27
"Q34",2011,77,5.6887609491,78.9197277049,28
"Q34",2011,78,4.7627175614,80.7718144802,29
"Q34",2011,86,35.4544455251,91.7961418373,30
"Q34",2011,87,39.7759819274,92.4576017813,31
"Q34",2011,92,12.3033577193,95.1034402224,32
"Q34",2011,96,41.4075823513,97.8815708303,33
"Q34",2011,98,39.5995922234,99.1603927361,34
"Q37",2011,0,95.758692475,14.6937264677,1
"Q37",2011,1,31.6467205926,65.1286780431,2
"Q37",2011,2,34.987093558,70.307040718,3
"Q37",2011,3,31.8858863407,75.5012377508,4
"Q37",2011,4,22.7043863532,75.8396479622,5
"Q37",2011,5,33.1470498185,81.4339320663,6
"Q37",2011,6,19.9962369663,45.2507824127,7
"Q37",2011,7,14.7229331914,44.9346290423,8
"Q38",2011,2,65.109664203,68.8270542834,1
"Q38",2011,74,27.5580160111,70.3534892838,2
"Q39",2011,49,97.4724433138,97.6945808574,1
"Q39",2011,50,96.2259759755,31.1299357916,2
"Q39",2011,51,89.5267205381,10.7302225572,3
"Q39",2011,52,76.5854927788,12.5719251809,4
"Q39",2011,53,36.2989483883,9.527357622,5
"Q39",2011,54,29.1297232331,13.8317958779,6
"Q39",2011,55,44.1798850541,17.1407383146,7
"Q39",2011,56,42.6542897067,44.4591226271,8
"Q39",2011,57,97.9895637419,42.7865621111,9
"Q39",2011,58,85.8432955697,43.6753662131,10
"Q39",2011,59,80.6227666474,0.5694090098,11
"Q39",2011,60,72.3944869684,0.5867658482,12
"Q39",2011,61,90.6101337445,50.6954206491,13
"Q39",2011,80,88.1678908786,6.5964880173,14
"Q39",2011,88,23.0802605107,14.2253228046,15
"Q39",2011,90,27.0049208577,16.0774100249,16
"Q39",2011,92,31.5469440563,16.430188543,17
"Q39",2011,95,30.7090952981,18.6350538365,18
"Q39",2011,124,94.9147793707,34.7305721694,19
"Q39",2011,142,42.3066879697,47.166013599,20
"Q39",2011,147,93.2390809646,55.4122107932,21
"Q39",2011,155,48.1716301664,64.5844513749,22
"Q39",2011,157,47.1573917042,65.7309815589,23
"Q39",2011,206,72.5133452485,97.8779206875,24
"Q4",2007,7,15.1037620178,90.5813185929,1
"Q4",2007,8,30.5782889823,75.2357996489,2
"Q4",2007,9,38.4521766725,69.7771283434,3
"Q4",2007,11,49.8306851625,40.6192865948,4
"Q4",2007,13,15.8521415718,16.0543953112,5
"Q4",2007,15,9.6508265879,4.9325059901,6
"Q4",2007,17,79.9379807502,24.0284693543,7
"Q4",2007,20,72.7600389223,71.569280829,8
"Q4",2007,21,89.3583023124,53.3550050444,9
"Q4",2007,22,85.0963299695,36.9776113887,10
"Q4",2007,24,75.4764040633,92.1681623597,11
"Q4",2007,31,8.889958351,13.6374331042,12
"Q4",2007,33,79.202094185,19.8985955349,13
"Q4",2007,35,56.0647661705,21.3490909257,14
"Q4",2007,36,35.9138979485,26.0269714856,15
"Q4",2007,37,34.6904520172,27.6102533563,16
"Q4",2007,40,17.418279319,39.484872281,17
"Q4",2007,42,81.8648878783,41.4168442419,18
"Q4",2007,44,38.50472392,57.1888495302,19
"Q4",2007,46,71.6455185462,58.5450814965,20
"Q4",2007,48,61.3183849453,61.7227950914,21
"Q4",2007,50,32.459462875,65.1052619983,22
"Q4",2007,52,61.8221567733,67.7680552466,23
"Q4",2007,54,58.4396894215,70.6467503255,24
"Q4",2007,55,50.3073746779,72.5179026385,25
"Q4",2007,56,53.4019724772,76.1882395426,26
"Q4",2007,57,36.2017675009,76.2602068195,27
"Q4",2007,59,40.5917776186,79.4267714508,28
"Q4",2007,60,38.3607884764,81.8016955916,29
"Q4",2007,61,58.7995271406,83.2410433536,30
"Q4",2007,67,10.7253127823,93.5323795176,31
"Q4",2007,68,5.4716931175,95.8353354918,32
"Q4",2007,71,9.6458018496,97.6345205279,33
"Q40",2011,0,95.9848272413,72.8370434331,1
"Q40",2011,1,92.2073108892,71.4221045318,2
"Q40",2011,2,82.330057308,77.7993890844,1
"Q40",2011,3,91.1059669082,80.896155974,1
"Q40",2011,4,84.4638969056,71.7319792342,3
"Q40",2011,5,61.695532457,68.697448868,4
"Q40",2011,6,41.4359857574,73.7097263341,5
"Q40",2011,7,39.7352568749,57.8033653408,6
"Q40",2011,8,37.2679574938,60.6006223692,7
"Q40",2011,9,40.7451293655,63.0629139161,8
"Q40",2011,10,64.7167544295,12.7707027071,9
"Q40",2011,11,75.4430995116,1.6919546576,10
"Q40",2011,18,45.2653346382,52.1723523153,11
"Q40",2011,19,26.8692231272,66.1240168482,12
"Q40",2011,21,12.2108548029,94.1072257615,13
"Q40",2011,25,59.6293168008,58.3318952095,14
"Q40",2011,40,81.4423168584,8.2765773958,15
"Q40",2011,41,24.9536617579,10.9665133742,16
"Q40",2011,43,28.0404733467,13.083184483,17
"Q40",2011,45,83.99996067,13.2595737421,18
"Q40",2011,46,70.682572945,14.9793687956,19
"Q40",2011,47,80.5162730258,15.1557580546,20
"Q40",2011,48,71.6527143148,15.5526336651,21
"Q40",2011,49,69.8888217241,15.7731209063,22
"Q40",2011,50,70.7266704822,16.699163849,23
"Q40",2011,51,71.7409084994,17.4929155149,24
"Q40",2011,52,72.1377845548,18.2425696434,25
"Q40",2011,54,53.3964273358,23.0932742679,26
"Q40",2011,61,20.9408076713,32.8828772564,27
"Q40",2011,65,21.3376823919,35.2641318089,28
"Q40",2011,67,23.2338667044,36.1901756415,29
"Q40",2011,70,30.7745073072,40.2912248026,30
"Q40",2011,73,33.1116643225,44.2599831316,31
"Q40",2011,77,43.0335594778,47.2586000909,32
"Q40",2011,78,40.916888369,49.5516600139,33
"Q40",2011,81,64.2443658788,52.0211100858,34
"Q40",2011,82,40.7845966471,52.2415959922,35
"Q40",2011,83,63.5829059348,54.2259749343,36
"Q40",2011,84,63.5829059348,56.5631328395,37
"Q40",2011,85,51.3679517464,57.0482030794,38
"Q40",2011,86,49.5599611735,57.5332733194,38
"Q40",2011,87,51.7207298196,58.0183435594,38
"Q40",2011,88,50.794685987,59.5617493538,38
"Q40",2011,89,56.4391413874,60.8405717045,39
"Q40",2011,90,62.1717918623,61.0169614085,40
"Q40",2011,91,44.3123809387,61.3256419445,41
"Q40",2011,92,9.2109223881,61.3697394817,42
"Q40",2011,93,11.1512037929,61.7225175549,43
"Q40",2011,95,19.3092063575,63.5746047752,44
"Q40",2011,96,91.5846979202,64.4124539782,45
"Q40",2011,97,38.4033420946,65.02981594,46
"Q40",2011,98,48.2811397127,66.5732221794,47
"Q40",2011,99,51.0151727833,67.9843362519,48
"Q40",2011,100,45.3266189559,68.2930167879,49
"Q40",2011,101,49.2953777299,68.8662825473,50
"Q40",2011,102,93.8336607509,75.3044896135,1
"Q40",2011,103,94.9360938425,76.6715061488,1
"Q40",2011,104,95.200678176,77.024284667,1
"Q40",2011,105,41.4460561462,77.37706363,5
"Q40",2011,106,94.8038021207,77.9503280546,1
"Q40",2011,107,42.7689751443,79.9347069967,5
"Q40",2011,108,79.8107159896,81.4340161437,1
"Q40",2011,109,13.311972439,82.8010322341,51
"Q40",2011,110,9.2991170176,84.0357566027,52
"Q40",2011,111,9.6518955357,85.094092602,53
"Q40",2011,112,12.1654418101,85.1822867866,54
"Q40",2011,113,72.3141738139,86.064233082,55
"Q40",2011,114,57.1887959609,86.8579847478,56
"Q40",2011,115,18.1185795262,88.7541690603,57
"Q40",2011,116,33.4203457483,92.2819537968,58
"Q40",2011,117,20.1470551156,92.9875108331,59
"Q40",2011,118,57.5085013261,96.5483691674,60
"Q41",2011,7,26.297187935,65.8747527155,1
"Q41",2011,8,60.3029849816,19.1503317853,2
"Q41",2011,54,61.6099429656,21.0307598626,2
"Q41",2011,57,63.5943223526,21.7804139912,2
"Q43",2011,0,60.7353641126,85.697335502,1
"Q43",2011,1,71.2697390485,70.9146410226,1
"Q43",2011,2,86.6574970152,78.3742971452,2
"Q43",2011,3,90.6115621658,70.5414742211,3
"Q43",2011,4,91.0878118024,84.475745464,4
"Q43",2011,5,70.8622589057,55.7827337087,5
"Q43",2011,6,81.6990746885,0.8755174212,6
"Q43",2011,7,72.4720489424,6.0153795077,7
"Q43",2011,8,5.0000163524,98.9199125172,8
"Q43",2011,9,88.0073240762,98.4166570374,9
"Q43",2011,10,72.9326532524,30.3011767826,10
"Q43",2011,11,54.6100873266,31.6811140933,11
"Q43",2011,57,91.0229342779,34.1300153505,12
"Q43",2011,64,82.9090292505,83.2103215701,13
"Q43",2011,99,65.1819113835,46.212678262,14
"Q43",2011,117,52.0585511316,85.9355362011,15
"Q43",2011,123,50.277019882,91.5006158565,16
"Q44",2011,0,25.2511409321,82.3311280352,1
"Q44",2011,1,35.5637302553,86.1880664464,2
"Q44",2011,2,70.2433244356,98.8429384634,3
"Q44",2011,3,79.7874813945,96.4724478019,4
"Q44",2011,4,89.1541483352,46.9766809471,5
"Q44",2011,5,98.2070473494,46.846792074,6
"Q44",2011,6,81.5796556347,42.1081720782,7
"Q44",2011,7,90.4447497436,40.9380113595,8
"Q44",2011,8,77.7115416374,53.4077755012,9
"Q44",2011,9,86.962768319,59.3588745936,10
"Q44",2011,10,98.5452726827,54.5521341607,11
"Q44",2011,11,33.5379041194,23.8678313153,12
"Q44",2011,12,27.6513789433,21.5620006004,12
"Q44",2011,13,23.4674863542,19.5938143282,12
"Q44",2011,14,38.9775047486,25.3718727954,13
"Q44",2011,15,33.552606716,8.8400048336,14
"Q44",2011,16,15.9639107116,12.5601908486,15
"Q44",2011,17,25.2352223256,33.7092504388,16
"Q44",2011,18,34.6705658056,39.5696815639,17
"Q44",2011,19,8.4726150475,60.630039382,18
"Q44",2011,20,0.3671056184,66.557193006,19
"Q44",2011,62,30.6739132542,3.0706801444,20
"Q44",2011,64,27.8957826464,4.7022810133,21
"Q44",2011,67,24.9412627794,8.1859682125,22
"Q44",2011,70,25.2499433154,11.1845856167,23
"Q44",2011,73,30.144745477,13.698132336,24
"Q44",2011,81,17.136038288,21.6356476594,25
"Q44",2011,83,17.4447192689,22.3412051406,26
"Q44",2011,84,17.6211089729,23.884610935,27
"Q44",2011,85,40.5076133351,29.0439960954,28
"Q44",2011,86,40.4194191505,31.116569667,28
"Q44",2011,88,39.7579583167,32.7481700909,28
"Q44",2011,89,41.7864356858,34.732549033,28
"Q44",2011,98,95.0559865858,52.327376068,29
"Q44",2011,100,90.293476146,52.5037653271,30
"Q44",2011,103,74.5507367762,54.9291174168,31
"Q44",2011,107,83.4142959321,55.943355434,32
"Q44",2011,108,81.7826950633,57.0457880807,32
"Q44",2011,156,77.5493541804,99.5996926046,33
"Q45",2011,0,2.2769164095,87.9597836095,1
"Q45",2011,1,13.3513365818,80.622456919,1
"Q45",2011,2,12.3383327819,74.2930333631,1
"Q45",2011,3,4.5915891117,70.2810257709,1
"Q45",2011,4,44.2703541961,94.0405056388,2
"Q45",2011,5,2.8531411972,38.7423930845,3
"Q45",2011,6,53.5616065267,50.1524895855,4
"Q45",2011,7,0.3416635608,77.7762788238,5
"Q45",2011,8,60.8330773866,16.9995733658,6
"Q45",2011,9,58.0183570172,9.3755322803,7
"Q45",2011,10,59.8726163784,5.2778490232,8
"Q45",2011,11,57.4642046569,0.9785726452,9
"Q45",2011,12,62.4025644085,12.3027243348,10
"Q45",2011,13,75.7687869158,19.4987344855,11
"Q45",2011,14,72.426489453,25.5042349217,12
"Q45",2011,15,79.4001638037,51.0386437586,13
"Q45",2011,16,68.0775263646,29.7974330204,14
"Q45",2011,17,66.2577847518,29.6718487279,15
"Q45",2011,36,59.2906865985,3.6770385513,16
"Q45",2011,42,59.9080490052,8.3072563795,17
"Q45",2011,44,67.6250784221,10.203440692,18
"Q45",2011,45,64.7146560924,10.6003163024,19
"Q45",2011,46,68.7275115138,11.0412894501,20
"Q45",2011,50,68.6393164393,12.0555274673,21
"Q45",2011,51,67.5809808849,17.0385238136,22
"Q45",2011,53,67.5809808849,21.0072816977,23
"Q45",2011,57,72.5198801389,23.2121469912,24
"Q45",2011,58,75.1657181351,23.3003420656,25
"Q45",2011,59,74.4124009281,24.647715104,26
"Q45",2011,60,75.6066917277,24.9319424896,27
"Q45",2011,61,74.6328877244,25.2209795286,28
"Q45",2011,64,68.0219544775,26.7840292649,29
"Q45",2011,65,69.2125817538,28.3274350593,30
"Q45",2011,66,65.0674346105,29.9590354832,31
"Q45",2011,87,87.8657443432,57.6080493953,32
"Q45",2011,88,58.5410324699,60.1215961146,33
"Q45",2011,89,53.9990097162,60.4302775405,34
"Q45",2011,92,52.7201878104,63.9139647397,35
"Q45",2011,98,57.9236700631,69.5143230478,36
"Q45",2011,100,58.4969353776,72.0278697671,37
"Q45",2011,101,2.4051567773,73.7917628027,1
"Q45",2011,104,3.992659664,76.3053086321,1
"Q45",2011,106,58.8497138957,78.6424665373,38
"Q45",2011,109,59.2906865985,84.2428248454,39
"Q46",2011,3,98.239092288,5.7602943354,1
"Q46",2011,4,72.3743413168,42.5766633209,2
"Q46",2011,5,23.8838989183,46.7605831408,3
"Q46",2011,6,7.2783178947,54.4835934353,4
"Q46",2011,7,4.1358464594,57.2078840673,5
"Q46",2011,8,46.6317940738,85.8488324886,6
"Q46",2011,28,49.4277534513,12.6431795123,7
"Q46",2011,40,46.0322608816,22.3445869814,8
"Q46",2011,53,41.975307478,31.6050221927,9
"Q46",2011,56,40.3437079439,34.5154449674,10
"Q46",2011,63,40.16731824,36.8085048904,11
"Q46",2011,69,45.2385087708,40.5126788859,12
"Q46",2011,76,39.9468318886,45.1869942513,13
"Q46",2011,82,77.5618371585,50.3022818744,14
"Q46",2011,84,22.1315180573,51.2724227993,15
"Q46",2011,85,83.6031695041,51.6692984098,16
"Q46",2011,86,46.0763575289,51.8897852061,17
"Q46",2011,87,28.6138226607,55.0647914244,18
"Q46",2011,88,69.580223408,56.2995162379,19
"Q46",2011,89,29.4075747715,57.7547278477,20
"Q46",2011,90,50.9270617084,58.7248683276,21
"Q46",2011,91,88.7184566823,60.9297336211,22
"Q46",2011,92,56.1746419433,65.6922431711,23
"Q46",2011,94,55.9100584996,67.8089142799,24
"Q46",2011,95,10.3134385894,70.9398234059,25
"Q46",2011,97,95.6417344334,72.6155209222,26
"Q46",2011,99,1.361684804,79.0537284333,27
"Q46",2011,100,23.1457560745,90.827709919,28
"Q46",2011,101,31.3919541585,90.827709919,29
"Q46",2011,102,62.6128490095,91.2686835116,30
"Q46",2011,104,18.8683176543,92.2388239915,31
"Q46",2011,105,21.2054742247,96.5162633015,32
"Q46",2011,106,71.6087007772,96.9131393569,33
"Q47",2011,23,92.4585540353,10.2600937233,1
"Q47",2011,24,57.4732597875,2.8646239353,2
"Q47",2011,25,27.2221116889,0.7264414442,3
"Q47",2011,26,20.0060041477,0.8413028711,4
"Q47",2011,27,3.3600374043,1.4219585066,5
"Q47",2011,28,3.4394760224,11.2829905949,6
"Q47",2011,29,50.0703738362,23.5142090516,7
"Q47",2011,30,52.2981663466,29.2067923782,8
"Q47",2011,31,60.1000802407,30.2742403351,8
"Q47",2011,32,59.2918848987,35.4008485387,8
"Q47",2011,33,3.6181384355,41.3536519404,9
"Q47",2011,34,17.1302578776,84.7032127497,10
"Q47",2011,37,70.049287906,97.4344625269,11
"Q47",2011,38,76.520523179,90.8929140701,12
"Q47",2011,39,95.3661711252,92.3429720851,13
"Q47",2011,40,80.4458689225,81.9327344118,14
"Q47",2011,41,93.0469924401,82.1705924328,15
"Q47",2011,42,92.3733458448,78.9986298403,16
"Q47",2011,44,56.7614367693,18.1599535817,35
"Q47",2011,53,75.6368614106,94.1455047461,18
"Q47",2011,54,7.6867616391,15.3975599262,19
"Q47",2011,75,4.6090723207,99.7858712137,20
"Q47",2011,76,74.8560874041,99.7638224451,18
"Q47",2011,78,2.4042056925,99.5571585388,21
"Q47",2011,79,37.990734928,99.424866372,22
"Q47",2011,82,43.0619263487,99.3366717425,23
"Q47",2011,84,79.7067915836,99.1161853911,18
"Q47",2011,85,72.2984435925,99.1161853911,18
"Q47",2011,90,41.5185205543,98.4547254471,24
"Q47",2011,94,4.0358065613,97.616876689,25
"Q47",2011,97,78.780747751,97.0877093567,18
"Q47",2011,98,80.5446403417,95.4120118405,18
"Q47",2011,109,13.1639500508,90.0321394388,26
"Q47",2011,112,98.2717586536,89.7234589028,27
"Q47",2011,115,12.5024905518,88.8856092549,28
"Q47",2011,119,12.370198385,84.1671972421,29
"Q47",2011,122,12.5906847364,83.1970563173,30
"Q47",2011,123,89.8491730902,77.9935736196,31
"Q47",2011,133,98.3158566358,54.9747775356,32
"Q47",2011,143,63.4789810839,30.721257083,8
"Q47",2011,145,89.8932701826,28.2959049933,33
"Q47",2011,146,57.3935525358,28.1195157342,8
"Q47",2011,147,59.5984178293,27.7667372161,8
"Q47",2011,148,56.2029252596,27.3257645133,8
"Q47",2011,152,49.9852045448,18.4181073752,34
"Q47",2011,154,48.6181875645,17.2715771913,34
"Q47",2011,155,54.5272272984,17.0510908399,35
"Q47",2011,156,53.5129888363,16.1691449895,34
"Q47",2011,157,47.8685325461,16.0368523778,34
"Q47",2011,159,52.0136805791,14.934419731,34
"Q47",2011,163,89.6727838312,6.6441254446,36
"Q47",2011,166,58.0550124798,1.4847407291,37
"Q47",2011,167,92.8036929572,0.4264047298,17
"Q48",2011,0,15.5560944818,69.7312249488,1
"Q48",2011,1,22.4300929193,74.7893372198,2
"Q48",2011,2,99.3493823355,95.8471497703,3
"Q48",2011,3,86.7123584485,65.9287158848,4
"Q48",2011,4,77.2023522885,60.7388475101,5
"Q48",2011,5,56.9690239909,44.7024137447,6
"Q48",2011,6,54.3637399113,0.1398102345,7
"Q48",2011,7,44.1987502367,2.1237399325,8
"Q48",2011,8,35.6215394232,4.5738091696,9
"Q48",2011,9,8.9800748493,43.6299584959,10
"Q48",2011,10,1.6323699399,47.1766456777,11
"Q48",2011,11,6.4618663918,52.3108426626,12
"Q48",2011,12,0.2572850528,41.9917540282,13
"Q48",2011,13,37.022777044,0.1467402632,14
"Q48",2011,14,17.3321004585,29.488608494,15
"Q48",2011,15,33.7859703419,95.5122968572,16
"Q48",2011,29,63.5357236705,52.7122113474,17
"Q48",2011,68,4.4201691209,24.2970714807,18
"Q48",2011,69,3.8028062692,26.32554796,19
"Q48",2011,70,3.1854443074,27.2074942554,20
"Q48",2011,71,5.4785033405,27.7807591249,21
"Q48",2011,72,4.1555847874,28.2658298098,22
"Q48",2011,83,4.728849212,44.0085696246,23
"Q48",2011,93,60.0709745735,49.3002469517,24
"Q48",2011,95,60.6883365353,50.0499010803,25
"Q48",2011,98,61.7025745525,50.6672634871,26
"Q48",2011,99,66.5091807498,50.975944468,27
"Q48",2011,102,66.1123060292,52.2547668187,28
"Q48",2011,116,61.4379911088,65.1752784883,29
"Q48",2011,120,56.4990918548,73.4214756825,30
"Q48",2011,123,85.2505384137,79.8596831936,31
"Q48",2011,128,56.190410429,83.87253817,32
"Q48",2011,129,83.3984516384,84.0048298919,33
"Q48",2011,130,76.43107635,85.019068354,34
"Q48",2011,131,98.9648021941,85.019068354,35
"Q48",2011,133,98.6561207682,86.6947658702,36
"Q48",2011,134,81.8991433812,87.6208097028,37
"Q48",2011,137,30.9667494965,94.3676981949,38
"Q48",2011,138,21.8827026544,94.8527684348,39
"Q48",2011,139,25.6309746321,95.2496440453,40
"Q48",2011,140,23.1174279128,95.7788118225,41
"Q48",2011,142,23.470205986,97.674996135,42
"Q49",2011,0,5.7811195551,85.5513745007,1
"Q49",2011,1,0.4660265675,40.0731031244,2
"Q49",2011,2,13.0842288789,83.4021454846,3
"Q49",2011,3,17.0342031185,83.3143028304,4
"Q49",2011,4,15.576434958,89.5476814375,5
"Q49",2011,5,39.3294613473,74.1153111317,6
"Q49",2011,6,94.6507516007,11.4320487744,7
"Q49",2011,34,9.9317604399,4.638374213,8
"Q49",2011,48,54.16136248,20.910281805,9
"Q49",2011,55,66.7731931687,24.3498719119,10
"Q49",2011,59,66.1999278543,26.1137645026,11
"Q49",2011,64,0.4949355246,31.2731501079,12
"Q49",2011,71,8.2560620338,36.212048472,13
"Q5",2007,0,84.165515857,93.1329932764,1
"Q5",2007,1,67.6107287636,78.4899531784,2
"Q5",2007,2,10.5972508181,88.7219443118,3
"Q5",2007,3,9.7411490407,42.2866134865,4
"Q5",2007,4,1.1756720386,39.7070247965,4
"Q5",2007,5,57.9813952168,4.9289036934,5
"Q5",2007,6,73.4918886678,91.8984759122,6
"Q5",2007,27,37.4386409382,23.6201276677,7
"Q5",2007,28,97.1524494575,28.5071916708,8
"Q5",2007,29,94.7852786026,40.8012114906,9
"Q5",2007,30,74.5497809457,45.9937160762,10
"Q5",2007,31,9.0325831163,46.6809599453,4
"Q5",2007,32,79.436844059,46.6809599453,11
"Q5",2007,33,65.1574548911,48.5136083347,12
"Q5",2007,34,22.7774493738,48.819050252,13
"Q5",2007,36,61.4921572225,52.4843479206,14
"Q5",2007,40,1.01474391,63.5566014059,15
"Q5",2007,41,84.3239080621,69.4363494157,16
"Q5",2007,44,14.5305300642,77.6069095807,17
"Q5",2007,45,0.0978494895,87.7628386488,18
"Q5",2007,46,25.7555040632,98.376930148,19
"Q50",2011,11,8.7732453537,19.9228447632,1
"Q50",2011,12,1.2226306313,21.9665827237,1
"Q50",2011,13,2.5931068564,26.1598932777,1
"Q50",2011,32,90.1255576146,3.3089991661,2
"Q50",2011,36,96.6078617732,5.6020590891,3
"Q50",2011,41,97.7102948648,7.2777570502,4
"Q50",2011,48,98.6804362346,11.5992934525,5
"Q50",2011,54,99.7664342182,13.5836723946,6
"Q51",2011,33,0.1493107222,68.12770541,1
"Q51",2011,34,0.8960306036,53.0194997113,2
"Q51",2011,35,35.1651537432,38.4600669579,3
"Q51",2011,36,37.5461495556,22.7463005574,4
"Q51",2011,37,43.7442865001,13.3079696515,5
"Q51",2011,38,50.8447350304,18.952457065,6
"Q51",2011,39,67.3575788385,17.185066839,7
"Q51",2011,40,63.0386333667,27.0841307598,8
"Q51",2011,41,41.8387623209,76.9900920216,9
"Q51",2011,42,36.6769392242,79.4293204225,10
"Q51",2011,53,43.5650801453,35.8607745407,11
"Q51",2011,61,36.421315153,42.0343981632,12
"Q51",2011,62,43.5209826081,42.0343981632,13
"Q51",2011,63,45.8140420861,42.1225927928,14
"Q51",2011,64,41.6247982955,43.4455117909,15
"Q51",2011,65,39.1553486686,43.5337064204,16
"Q51",2011,125,46.5195991224,76.9594678997,17
"Q51",2011,136,39.2876403904,90.7619258647,18
"Q52",2011,50,47.0750008719,89.8250034008,1
"Q52",2011,51,50.8820196831,88.2231944572,2
"Q52",2011,65,47.2647446133,93.8189327686,3
"Q53",2011,0,29.760201479,16.0224493759,1
"Q53",2011,1,18.119182979,0.7672497468,2
"Q53",2011,2,21.8237787318,2.2508393536,3
"Q53",2011,3,47.481722383,8.591963884,4
"Q53",2011,4,50.1760649568,16.0296968512,5
"Q53",2011,5,83.5032439756,17.4753061679,6
"Q53",2011,6,84.2266034739,24.9811949762,7
"Q53",2011,7,71.9555495956,36.8237928831,8
"Q53",2011,8,75.6209042939,66.2103366228,9
"Q53",2011,10,90.0979192052,83.2857172046,10
"Q53",2011,11,98.6257891077,80.8545214241,11
"Q53",2011,13,88.5224734854,89.9974388914,12
"Q53",2011,14,92.0410769253,92.5644811745,13
"Q53",2011,15,20.995201148,60.0444023544,14
"Q53",2011,16,75.5270014722,75.658952342,15
"Q53",2011,17,80.5355336237,74.2346480074,15
"Q53",2011,25,96.5716073205,78.9642321022,16
"Q53",2011,33,99.7369385075,85.9303048139,17
"Q53",2011,34,91.9758124432,83.32856391,10
"Q53",2011,43,20.2735848602,62.2059521385,18
"Q53",2011,46,80.598706568,25.6933790705,19
"Q53",2011,47,80.598706568,23.1798323512,20
"Q53",2011,50,52.1559405451,14.6690512684,5
"Q54",2011,34,1.8124610835,44.2698975097,1
"Q54",2011,35,1.6076324688,30.8670189253,1
"Q54",2011,36,91.3274399626,98.3908599447,2
"Q54",2011,37,84.2069481445,94.7087002363,3
"Q54",2011,38,97.8476528809,99.0067584467,4
"Q54",2011,39,60.9275780051,37.3873100954,5
"Q54",2011,40,56.5499263506,41.2066173262,6
"Q54",2011,41,65.7815897362,42.8260001029,7
"Q54",2011,42,55.2567072339,76.5042301679,8
"Q54",2011,43,79.8976070183,16.1614758739,9
"Q54",2011,82,71.3455265808,39.4561207377,10
"Q54",2011,84,97.0542581982,42.8957108447,11
"Q55",2011,0,43.5910216958,95.6213533006,1
"Q55",2011,1,46.7493144556,98.6447783798,2
"Q55",2011,2,59.7354125519,90.7890199912,3
"Q55",2011,3,52.8693433673,68.649582671,4
"Q55",2011,4,64.4191477931,58.9711393393,5
"Q55",2011,5,67.3033434078,63.8344027646,6
"Q55",2011,6,63.0980268406,69.3014272553,7
"Q55",2011,7,88.8154260568,20.1569293423,8
"Q55",2011,8,20.6896698832,29.5289195486,9
"Q55",2011,9,16.6941524097,27.2535817628,10
"Q55",2011,10,9.8456015886,80.0868943346,11
"Q55",2011,11,18.7556728188,86.7891108712,12
"Q55",2011,12,33.5385427293,82.5635187976,13
"Q55",2011,13,34.0484938075,90.5976063819,14
"Q55",2011,14,46.2688676812,89.488198175,15
"Q55",2011,15,9.6722505409,97.4840942955,16
"Q55",2011,16,10.4639751557,99.8234037257,17
"Q55",2011,17,20.7890281326,80.0349819616,18
"Q55",2011,18,68.6020981015,48.3466716411,19
"Q55",2011,19,73.671913407,48.9947447132,20
"Q55",2011,24,53.2470960041,88.420836016,21
"Q55",2011,25,55.3767969882,86.7629592424,22
"Q55",2011,26,55.8609379079,59.0716072506,23
"Q55",2011,33,0.5660642215,98.1148166505,24
"Q55",2011,34,2.0653724787,87.0463913113,25
"Q55",2011,35,2.8591241445,98.3794005391,26
"Q55",2011,36,4.8876006238,97.8502327619,27
"Q55",2011,40,5.3285733265,89.0748686804,28
"Q55",2011,41,5.3726708638,94.9839075245,29
"Q55",2011,48,15.2504684818,92.3380681935,30
"Q55",2011,55,30.8609161298,86.4290297944,31
"Q55",2011,59,47.2981885966,94.4657636867,32
"Q55",2011,60,51.3220684022,61.866827471,33
"Q55",2011,61,53.3505444366,63.1456489319,34
"Q55",2011,63,54.1442961024,61.6463411197,35
"Q55",2011,64,55.3790209159,62.528287415,36
"Q55",2011,65,56.0845779522,63.1015522845,37
"Q55",2011,73,79.5443471839,66.2324605207,38
"Q56",2011,0,93.4574379737,22.1730906203,1
"Q56",2011,1,13.1962787284,32.0518963953,2
"Q56",2011,2,11.9383030184,39.0608138526,3
"Q56",2011,34,9.7127951869,62.7342424655,4
"Q56",2011,40,6.7582753199,38.7894029938,5
"Q56",2011,41,5.126674451,37.8633596061,6
"Q56",2011,43,4.2447286006,36.0994670154,7
"Q56",2011,44,2.8777116204,32.5275851867,8
"Q56",2011,45,18.9732303982,31.2928603732,9
"Q56",2011,46,5.126674451,30.3668169855,10
"Q56",2011,48,18.8850357687,29.2643838939,11
"Q56",2011,49,2.7454198985,27.809172729,12
"Q56",2011,50,18.3558679914,27.2800049518,13
"Q56",2011,51,5.6999397655,23.9727070116,14
"Q56",2011,52,2.2603496585,21.1945764037,15
"Q56",2011,53,5.5235505064,19.9157544979,16
"Q56",2011,56,4.8179934701,13.5657416163,17
"Q56",2011,58,57.9993501856,11.360875878,18
"Q56",2011,60,58.4403228883,8.5827452701,19
"Q56",2011,61,56.8087233542,5.936906829,20
"Q57",2011,0,33.7498313543,86.3476972615,1
"Q57",2011,1,50.3651711495,18.2053548482,2
"Q57",2011,4,45.7902576527,75.2350231582,3
"Q57",2011,5,54.4962127335,80.1450483952,4
"Q57",2011,44,19.1638286885,34.1061618207,5
"Q58",2011,41,98.5911226285,10.7577347374,1
"Q58",2011,43,5.4598539383,72.1732289424,2
"Q58",2011,70,53.888436341,55.2041124019,3
"Q58",2011,92,18.6546851787,53.5725124229,4
"Q59",2011,0,57.8269489163,57.2791298402,1
"Q59",2011,1,50.4585668395,58.5997190058,2
"Q59",2011,2,51.9195878925,71.607430199,3
"Q59",2011,3,71.4136963617,17.6639784346,4
"Q59",2011,4,63.8021059792,28.8498096331,5
"Q59",2011,5,97.4744459193,96.9335508265,6
"Q59",2011,92,67.8358951601,28.8547743512,5
"Q59",2011,97,6.320146621,18.5360040303,7
"Q6",2007,0,1.6180139181,77.100582867,1
"Q6",2007,1,2.2633945296,63.1714576546,2
"Q6",2007,2,25.9924960101,68.7936829148,3
"Q6",2007,3,22.2445451305,56.0494734792,4
"Q6",2007,4,70.3402941849,79.5896892967,5
"Q6",2007,5,25.8261182426,1.9453328333,6
"Q6",2007,6,82.6059046194,1.4983772989,7
"Q6",2007,10,18.8301347795,13.9300557525,8
"Q6",2007,12,93.5844082463,37.5726951191,9
"Q6",2007,14,56.092062798,1.8681097859,10
"Q6",2007,15,52.6747074388,3.962618225,11
"Q6",2007,17,57.3046738836,5.2854660349,12
"Q6",2007,21,45.0683329769,8.041397934,13
"Q6",2007,22,35.0367394582,9.474483358,14
"Q6",2007,25,49.2573511899,10.6870931088,15
"Q6",2007,31,6.9813480892,18.1694501437,16
"Q6",2007,33,38.3438580931,20.4982127341,17
"Q6",2007,42,27.9815526219,39.0180785131,18
"Q6",2007,44,61.7141651001,39.0180785131,19
"Q6",2007,58,85.9663707954,53.1284526307,20
"Q6",2007,65,91.4782354835,62.6088598586,21
"Q6",2007,68,80.6749800008,65.4750302616,22
"Q6",2007,70,88.0608792345,69.6640471398,23
"Q6",2007,72,1.1938893658,72.3097427596,24
"Q60",2011,3,20.2299888659,53.0399431177,1
"Q60",2011,4,79.1522267867,22.5723977369,2
"Q60",2011,9,2.1952451485,1.9376195101,3
"Q60",2011,11,63.6565341672,71.9558782803,4
"Q60",2011,14,93.5920905228,80.8856706893,5
"Q60",2011,25,84.0419046583,22.8576804966,6
"Q60",2011,34,86.3349654712,67.0431854443,7
"Q60",2011,45,35.8435442892,77.0091776919,8
"Q60",2011,46,78.7943248684,77.2737611356,9
"Q60",2011,47,33.374095552,78.5084859491,10
"Q60",2011,49,79.0589092019,81.3307140942,11
"Q60",2011,51,81.0873852363,87.0633641242,12
"Q60",2011,54,86.4672567481,91.9140683037,13
"Q61",2011,0,86.1357305139,80.7943176008,1
"Q61",2011,1,82.161965753,76.3342006993,2
"Q61",2011,2,88.8759158149,61.5395889484,3
"Q61",2011,3,83.2853262726,18.3282003837,4
"Q61",2011,4,98.579589272,23.3821615871,5
"Q61",2011,5,92.6595710699,6.9504083056,6
"Q61",2011,6,63.2725609087,31.9297968813,7
"Q61",2011,7,55.9834183499,5.8038606554,8
"Q61",2011,8,53.2030102447,9.6230208484,9
"Q61",2011,9,46.7566288001,15.0509643471,10
"Q61",2011,10,13.7721494294,1.4969244307,11
"Q61",2011,11,11.9645485273,6.0532938489,11
"Q61",2011,12,15.5506016709,5.3904971211,11
"Q61",2011,13,7.0550305653,8.8467718584,12
"Q61",2011,14,0.214856339,19.8313983094,13
"Q61",2011,15,1.7878131537,84.7064343579,14
"Q61",2011,16,92.0851593771,30.7386749952,15
"Q61",2011,17,31.0474073927,70.1581330903,16
"Q61",2011,22,72.1735274219,40.7282398208,17
"Q61",2011,23,75.3057929318,43.3219095421,18
"Q61",2011,35,1.1036781587,61.1563455872,19
"Q61",2011,36,3.1762512853,90.0841800704,20
"Q61",2011,37,5.2488248569,1.272197917,21
"Q61",2011,38,6.1748686895,89.246332647,22
"Q61",2011,39,6.3953550409,75.0029010894,23
"Q61",2011,40,7.3213988735,3.7857450812,24
"Q61",2011,41,12.1721026081,85.7626436681,25
"Q61",2011,43,16.9787101402,28.1274597184,26
"Q61",2011,45,20.1537159136,3.3006739514,27
"Q61",2011,46,21.7853167824,97.9775996362,28
"Q61",2011,47,22.0058031338,94.141133029,29
"Q61",2011,48,22.534970911,50.925769451,30
"Q61",2011,49,23.020041151,21.7333497445,31
"Q61",2011,50,23.4169172064,97.8894050067,32
"Q61",2011,51,37.48395906,97.3161401372,33
"Q61",2011,52,38.9832677621,98.4626694313,34
"Q61",2011,54,42.5992466832,94.5380090844,35
"Q61",2011,55,43.392998349,24.8201617782,36
"Q61",2011,58,44.9364045883,97.3161401372,37
"Q61",2011,60,47.7145347513,99.4328099112,38
"Q61",2011,65,52.4329472089,25.7903022582,39
"Q61",2011,74,65.071236331,78.9275614364,40
"Q61",2011,76,66.1031134521,33.99240236,41
"Q61",2011,80,76.5100788473,1.757267712,42
"Q61",2011,85,87.4021144826,27.6864865707,43
"Q61",2011,93,95.2955331586,2.8156032665,44
"Q61",2011,94,95.6306725729,77.1195708635,45
"Q61",2011,95,95.807061387,75.7525543282,46
"Q61",2011,96,96.4244237938,65.5660766191,47
"Q61",2011,98,98.761581254,64.5518381569,48
"Q62",2011,19,97.0417586182,45.8865760012,1
"Q62",2011,20,29.8185774849,22.8198549995,2
"Q62",2011,21,29.079150575,31.8620606021,3
"Q62",2011,22,40.9720160044,26.5122013296,4
"Q62",2011,23,38.7374956351,21.7184230402,5
"Q62",2011,24,80.332193045,56.52788198,6
"Q62",2011,25,64.5095698158,81.3535850245,7
"Q62",2011,29,74.8978041026,47.7597812492,8
"Q62",2011,45,65.4882264158,76.5313374398,9
"Q62",2011,61,37.6187261523,37.2847313011,10
"Q62",2011,65,38.5888666323,33.4482651388,11
