"","spp","year","quad","Group","ID","logarea.t0","logarea.t1","W","uniqID"
"1","ARTR",1929,"Q7","P1E1",101,4.7313004693463,4.9887340627903,0.0139534152917661,"Q7_101"
"2","ARTR",1929,"Q7","P1E1",103,3.35219577023933,4.60027382033041,0.0824576691422865,"Q7_103"
"3","ARTR",1929,"Q7","P1E1",104,2.688661593608,3.20705974069526,0.0111293051140151,"Q7_104"
"4","ARTR",1929,"Q7","P1E1",102,2.81730450272656,4.66422875300412,0.0109879286723103,"Q7_102"
"5","ARTR",1929,"Q20","P7E1",48,5.37124825213567,5.35716182269172,0.010785149340624,"Q20_48"
"6","ARTR",1929,"Q20","P7E1",49,4.61392711095624,5.15100391327539,0.122083229631211,"Q20_49"
"7","ARTR",1929,"Q20","P7E1",54,3.97394598269859,4.83047563072577,0.202037118583116,"Q20_54"
"8","ARTR",1929,"Q8","P1E1",102,2.57662275287175,3.57200309352221,0.0507787802592791,"Q8_102"
"9","ARTR",1929,"Q8","P1E1",103,5.54550475614163,5.68286865605557,0.000920685032083211,"Q8_103"
"10","ARTR",1930,"Q13","P1",12,1.79286860374423,2.52467468989338,0.000435982381055474,"Q13_12"
"11","ARTR",1930,"Q13","P1",11,1.8291065900015,2.78124974766708,0.000420466094938007,"Q13_11"
"12","ARTR",1930,"Q22","P7E1",59,5.11326166097353,5.38060836384636,0.378264155393318,"Q22_59"
"13","ARTR",1930,"Q20","P7E1",54,4.83047563072577,5.28071405593094,0.311909340626177,"Q20_54"
"14","ARTR",1930,"Q16","P2",25,4.21076426822606,4.70927093437223,3.50000000003519e-05,"Q16_25"
"15","ARTR",1930,"Q22","P7E1",60,5.22251172270332,4.31664557470013,0.361790011365055,"Q22_60"
"16","ARTR",1930,"Q20","P7E1",49,5.15100391327539,5.39341227090954,0.212366025620515,"Q20_49"
"17","ARTR",1930,"Q14","P1",13,1.30544651693175,1.35067445676635,0.00904064442014059,"Q14_13"
"18","ARTR",1930,"Q20","P7E1",55,3.45794952844978,3.78436523168189,0.0356998084642507,"Q20_55"
"19","ARTR",1930,"Q18","P2",35,1.86956418045471,2.57505142623071,0.596206015883025,"Q18_35"
"20","ARTR",1930,"Q18","P2",33,4.89263396636589,5.00790206355579,0.0255231691564887,"Q18_33"
"21","ARTR",1930,"Q15","P2",20,4.82732044414995,5.03928526924005,0.0518627351025036,"Q15_20"
"22","ARTR",1930,"Q14","P1",15,4.50235245814784,4.76127476913098,0.0232750674771063,"Q14_15"
"23","ARTR",1930,"Q22","P7E1",58,5.88004870910151,5.55531468662301,0.304320091220855,"Q22_58"
"24","ARTR",1930,"Q14","P1",16,3.52193511958709,3.83040448047315,0.00692940713868725,"Q14_16"
"25","ARTR",1930,"Q15","P2",23,6.01039816947775,5.62461095605391,0.0148297520000005,"Q15_23"
"26","ARTR",1930,"Q17","P2",28,6.11333627465995,6.0673402409029,0.00924986387257645,"Q17_28"
"27","ARTR",1930,"Q18","P2",34,4.31795327546506,4.67391833419941,0.0360181362561441,"Q18_34"
"28","ARTR",1930,"Q15","P2",24,2.32301007560658,2.95938267129443,0.11436146029177,"Q15_24"
"29","ARTR",1930,"Q17","P2",29,2.87375569759822,2.76444883304765,0.220758106688668,"Q17_29"
"30","ARTR",1930,"Q7","P1E1",102,4.66422875300412,4.89364690187713,0.0470498063417806,"Q7_102"
"31","ARTR",1930,"Q7","P1E1",103,4.60027382033041,4.98704252182639,0.268845525876757,"Q7_103"
"32","ARTR",1930,"Q8","P1E1",103,5.68286865605557,6.0199633464828,0.0103997114268808,"Q8_103"
"33","ARTR",1930,"Q15","P2",18,1.87991532993516,2.33231863724887,0.43053161027334,"Q15_18"
"34","ARTR",1930,"Q15","P2",19,2.56875365041554,3.75822243097352,0.0686632755000053,"Q15_19"
"35","ARTR",1930,"Q20","P7E1",48,5.35716182269172,5.4086477972929,0.023073891449956,"Q20_48"
"36","ARTR",1930,"Q11","P1",8,2.24709943608051,3.18059269678064,0,"Q11_8"
"37","ARTR",1930,"Q22","P7E1",57,5.96179962255066,5.9235682619183,0.191498009040011,"Q22_57"
"38","ARTR",1930,"Q21","P7E1",55,5.86906449347105,5.93122207193609,0.00711233602497932,"Q21_55"
"39","ARTR",1930,"Q7","P1E1",101,4.9887340627903,4.93474630610575,0.142306233159001,"Q7_101"
"40","ARTR",1930,"Q17","P2",31,2.39017670752997,3.16951854740042,0.107188921622475,"Q17_31"
"41","ARTR",1930,"Q8","P1E1",102,3.57200309352221,4.56162347561121,0.0830158095419935,"Q8_102"
"42","ARTR",1930,"Q7","P1E1",104,3.20705974069526,4.25980795589409,0.0246642078202584,"Q7_104"
"43","ARTR",1930,"Q15","P2",22,1.67038248306146,2.69445824758274,0.0429929500000222,"Q15_22"
"44","ARTR",1930,"Q12","P1",10,0.564133893336851,2.52784273444409,0.0407869056714008,"Q12_10"
"45","ARTR",1930,"Q15","P2",17,3.26694001129384,4.39866002956789,0.0415287775000036,"Q15_17"
"46","ARTR",1930,"Q12","P1",9,2.54584692687811,2.65352599680146,0.00609088231667319,"Q12_9"
"47","ARTR",1930,"Q22","P7E1",56,5.29836355398138,5.40121207775729,0.556059042744004,"Q22_56"
"48","ARTR",1930,"Q17","P2",30,4.59700602937152,4.63536433295736,0.060037444066229,"Q17_30"
"49","ARTR",1930,"Q10","P1E1",6,4.45797113755076,5.26570200065655,1.7499999999998e-05,"Q10_6"
"50","ARTR",1930,"Q15","P2",21,3.24351770446436,3.66899939882029,0.041571285,"Q15_21"
"51","ARTR",1930,"Q21","P7E1",54,4.62109078107552,4.03494009719069,0.0247742422765374,"Q21_54"
"52","ARTR",1930,"Q8","P1E1",104,4.72720637216342,5.33384307117297,0.0230565177374732,"Q8_104"
"54","ARTR",1931,"Q22","P7E1",57,5.9235682619183,6.19951378692285,0.112774950499996,"Q22_57"
"55","ARTR",1931,"Q11","P1",9,3.06868197678031,4.61385082300227,0.00168427251910318,"Q11_9"
"56","ARTR",1931,"Q21","P7E1",57,4.47343218632978,4.49904453780212,0.158560372360651,"Q21_57"
"57","ARTR",1931,"Q10","P1E1",6,5.26570200065655,5.34044588926849,0,"Q10_6"
"58","ARTR",1931,"Q16","P2",25,4.70927093437223,5.16148759682494,0.0108120230088799,"Q16_25"
"59","ARTR",1931,"Q22","P7E1",56,5.40121207775729,5.50802396216274,0.343759519054671,"Q22_56"
"61","ARTR",1931,"Q14","P1",15,4.76127476913098,5.09483700021034,0.00838753754399267,"Q14_15"
"63","ARTR",1931,"Q11","P1",8,3.18059269678064,3.32802736052046,0.00150594700531736,"Q11_8"
"64","ARTR",1931,"Q7","P1E1",102,4.89364690187713,6.26290957749022,0.17226207721117,"Q7_102"
"66","ARTR",1931,"Q22","P7E1",58,5.55531468662301,6.95700662155437,0.393863229031486,"Q22_58"
"68","ARTR",1931,"Q20","P7E1",48,5.4086477972929,5.78331568332639,0.0322329361127025,"Q20_48"
"69","ARTR",1931,"Q15","P2",23,5.62461095605391,5.90589055404149,0.0262403548559675,"Q15_23"
"70","ARTR",1931,"Q7","P1E1",103,4.98704252182639,5.16944802849643,0.338627739054663,"Q7_103"
"71","ARTR",1931,"Q15","P2",21,3.66899939882029,-0.693147180559945,0.0428969797637405,"Q15_21"
"72","ARTR",1931,"Q22","P7E1",60,4.31664557470013,4.79997858992968,0.154028668202997,"Q22_60"
"73","ARTR",1931,"Q21","P7E1",55,5.93122207193609,6.19267034474106,0.0127926457041694,"Q21_55"
"74","ARTR",1931,"Q8","P1E1",104,5.33384307117297,6.19763749528527,0.0355111605382925,"Q8_104"
"75","ARTR",1931,"Q7","P1E1",104,4.25980795589409,4.27659951721487,0.0293285790615989,"Q7_104"
"76","ARTR",1931,"Q14","P1",16,3.83040448047315,4.00467941382119,0.00845284201411352,"Q14_16"
"78","ARTR",1931,"Q21","P7E1",54,4.03494009719069,4.90342270960245,0.0351978923923316,"Q21_54"
"79","ARTR",1931,"Q13","P1",11,2.78124974766708,3.85843095471313,0.000874078275735789,"Q13_11"
"80","ARTR",1931,"Q8","P1E1",102,4.56162347561121,5.24396293217491,0.183687880846844,"Q8_102"
"82","ARTR",1931,"Q8","P1E1",103,6.0199633464828,6.61196583267752,0.0212080147755453,"Q8_103"
"83","ARTR",1931,"Q18","P2",33,5.00790206355579,5.40046962585075,0.0596108718097171,"Q18_33"
"87","ARTR",1931,"Q17","P2",30,4.63536433295736,5.27254189539039,0.0329838389758749,"Q17_30"
"88","ARTR",1931,"Q15","P2",19,3.75822243097352,4.06373585902738,0.0838480147637408,"Q15_19"
"89","ARTR",1931,"Q15","P2",20,5.03928526924005,5.46209024702057,0.0624886528994018,"Q15_20"
"90","ARTR",1931,"Q17","P2",28,6.0673402409029,6.48233722042583,0.00999122436692127,"Q17_28"
"91","ARTR",1931,"Q17","P2",31,3.16951854740042,3.76711115683056,0.038532699523866,"Q17_31"
"94","ARTR",1931,"Q20","P7E1",54,5.28071405593094,5.19816367460369,0.415005249763979,"Q20_54"
"95","ARTR",1931,"Q20","P7E1",55,3.78436523168189,3.93074011160254,0.044785454274254,"Q20_55"
"96","ARTR",1931,"Q20","P7E1",49,5.39341227090954,5.95698374968463,0.323684370578843,"Q20_49"
"97","ARTR",1932,"Q1","E1",2,4.8704223740793,5.49206434104945,0.0294945302220994,"Q1_2"
"98","ARTR",1932,"Q1","E1",4,4.91566165572218,5.12703138379501,0.0290721807755512,"Q1_4"
"99","ARTR",1932,"Q5","E1",91,3.57171143342207,3.97707118716669,0.0395788506661023,"Q5_91"
"100","ARTR",1932,"Q22","P7E1",56,5.50802396216274,5.8307344431779,0.261989908886079,"Q22_56"
"101","ARTR",1932,"Q1","E1",1,3.85371148522829,4.12203240041472,0.0353191022046314,"Q1_1"
"102","ARTR",1932,"Q22","P7E1",60,4.79997858992968,4.87848191690552,0.237196767509375,"Q22_60"
"103","ARTR",1932,"Q26","P10E1",73,5.45621678549295,5.79828491014108,0.0836772918444621,"Q26_73"
"104","ARTR",1932,"Q1","E1",5,4.40133178923141,4.58168198356202,0.0329116891570649,"Q1_5"
"105","ARTR",1932,"Q21","P7E1",57,4.49904453780212,4.58540211858871,0.0436730539886713,"Q21_57"
"106","ARTR",1932,"Q25","P10E1",69,6.22876991622426,5.95993881877246,0.0299803703973748,"Q25_69"
"107","ARTR",1932,"Q10","P1E1",6,5.34044588926849,5.68743965870428,4.58159348681874e-11,"Q10_6"
"108","ARTR",1932,"Q5","E1",88,3.99228225371661,4.31869635425277,0.0382767822531881,"Q5_88"
"109","ARTR",1932,"Q5","E1",89,4.23116511788514,4.94176997376002,0.0372534560988879,"Q5_89"
"110","ARTR",1932,"Q5","E1",90,4.55817394267003,5.32045722313977,0.0353906331860443,"Q5_90"
"111","ARTR",1932,"Q6","E1",100,4.69079959892179,5.38575636151273,0.0284961443749241,"Q6_100"
"112","ARTR",1932,"Q23","P10E1",61,5.91773211116248,5.95718142022795,0.012999162641261,"Q23_61"
"113","ARTR",1932,"Q22","P7E1",57,6.19951378692285,6.02903279761968,0.100250915312895,"Q22_57"
"114","ARTR",1932,"Q22","P7E1",58,6.95700662155437,7.07652757098897,0.0602476394405468,"Q22_58"
"115","ARTR",1932,"Q23","P10E1",65,2.58619870020352,3.04724141224548,0.0380793846021243,"Q23_65"
"116","ARTR",1932,"Q4","E1",84,3.65668493617849,3.63014960247682,0.27424994587454,"Q4_84"
"117","ARTR",1932,"Q14","P1",15,5.09483700021034,5.85283538921515,0.00383979652488301,"Q14_15"
"118","ARTR",1932,"Q25","P10E1",68,5.76903043501974,6.13829306190814,0.0430636633198837,"Q25_68"
"119","ARTR",1932,"Q3","E1",82,4.70109014983633,4.476515839616,0.277570543201561,"Q3_82"
"120","ARTR",1932,"Q26","P10E1",76,5.02244412788556,4.6580521444803,0.238807558492737,"Q26_76"
"121","ARTR",1932,"Q6","E1",94,4.5532009656351,4.22360487983996,0.15481046560534,"Q6_94"
"122","ARTR",1932,"Q24","P10E1",66,4.25055664774907,4.36221738642078,0.00266246474775103,"Q24_66"
"123","ARTR",1932,"Q24","P10E1",67,3.63851202860906,4.14048028059244,0.00491011130764061,"Q24_67"
"124","ARTR",1932,"Q20","P7E1",55,3.93074011160254,3.98808629203658,0.0624551826292815,"Q20_55"
"125","ARTR",1932,"Q2","E1",47,3.31063989775168,4.09987372734368,0.0249828104919331,"Q2_47"
"126","ARTR",1932,"Q13","P1",11,3.85843095471313,3.21995318590632,1.7499999999996e-05,"Q13_11"
"127","ARTR",1932,"Q20","P7E1",49,5.95698374968463,6.80688693749565,0.313924335107777,"Q20_49"
"128","ARTR",1932,"Q7","P1E1",104,4.27659951721487,5.46769359801704,0.113343770161915,"Q7_104"
"129","ARTR",1932,"Q3","E1",81,4.20137782810286,4.44713090984402,0.417845249095552,"Q3_81"
"130","ARTR",1932,"Q7","P1E1",102,6.26290957749022,6.47054671889402,0.111851458597472,"Q7_102"
"131","ARTR",1932,"Q7","P1E1",103,5.16944802849643,5.98878849542352,0.228724166191346,"Q7_103"
"132","ARTR",1932,"Q21","P7E1",55,6.19267034474106,6.45213331002746,0.015727695657648,"Q21_55"
"133","ARTR",1932,"Q23","P10E1",63,4.81843421191037,1.41596780339196,0.0303449486415945,"Q23_63"
"134","ARTR",1932,"Q26","P10E1",72,4.33221113898795,3.82626751301251,0.0947441035067237,"Q26_72"
"135","ARTR",1932,"Q21","P7E1",54,4.90342270960245,5.22492699109098,0.0405357213033237,"Q21_54"
"136","ARTR",1932,"Q23","P10E1",62,3.4412749465234,4.37966491651174,0.0368230569122474,"Q23_62"
"137","ARTR",1932,"Q14","P1",16,4.00467941382119,4.88281757549417,0.0114224071209853,"Q14_16"
"138","ARTR",1932,"Q26","P10E1",75,6.71170593241855,5.9558554972798,0.0425339524399391,"Q26_75"
"139","ARTR",1932,"Q5","E1",92,3.95050807556244,4.09672809268845,0.0384319468149086,"Q5_92"
"140","ARTR",1932,"Q4","E1",86,4.51702883776682,4.31216344716107,0.0135850645764006,"Q4_86"
"141","ARTR",1932,"Q2","E1",44,4.56372491904476,4.15457098555235,0.0201851743068955,"Q2_44"
"142","ARTR",1932,"Q2","E1",45,5.37246281846367,5.22816636057502,0.0118234990509712,"Q2_45"
"143","ARTR",1932,"Q3","E1",79,5.28506242567083,3.95734354081961,0.0830389517010452,"Q3_79"
"144","ARTR",1932,"Q8","P1E1",104,6.19763749528527,6.19287467852906,0.239031844182249,"Q8_104"
"145","ARTR",1932,"Q11","P1",8,3.32802736052046,4.54898996812313,0.00706102896114164,"Q11_8"
"146","ARTR",1932,"Q4","E1",87,4.33807294058612,4.22131534291414,0.0813071454110044,"Q4_87"
"147","ARTR",1932,"Q3","E1",78,5.56571665628247,5.39198733830992,0.0999395518085809,"Q3_78"
"148","ARTR",1932,"Q2","E1",46,3.81912429810545,3.89421421082187,0.0260607029044224,"Q2_46"
"149","ARTR",1932,"Q8","P1E1",103,6.61196583267752,6.74345731488149,0.0541125502406977,"Q8_103"
"150","ARTR",1932,"Q6","E1",97,2.57068504307665,3.61299691785229,0.151625813761805,"Q6_97"
"151","ARTR",1932,"Q3","E1",80,4.62708875349519,4.83801627191196,0.0651773019664138,"Q3_80"
"152","ARTR",1932,"Q6","E1",95,4.62892732603848,5.03591001755242,0.226930441676086,"Q6_95"
"153","ARTR",1932,"Q3","E1",77,5.60229316472152,5.58590059248966,0.0533591183679266,"Q3_77"
"154","ARTR",1932,"Q20","P7E1",48,5.78331568332639,5.74151393519232,0.043282896816147,"Q20_48"
"155","ARTR",1932,"Q5","E1",93,5.68719751572839,5.74493350687761,0.0214146819571395,"Q5_93"
"156","ARTR",1932,"Q8","P1E1",102,5.24396293217491,5.44023946280557,0.237581386754932,"Q8_102"
"157","ARTR",1932,"Q11","P1",9,4.61385082300227,4.4410199896389,0.00195182986220818,"Q11_9"
"158","ARTR",1932,"Q6","E1",96,4.83822786314364,5.13313213385629,0.0480732140290974,"Q6_96"
"159","ARTR",1933,"Q1","E1",2,5.49206434104945,5.05145571805528,0.106668492091977,"Q1_2"
"160","ARTR",1933,"Q4","E1",89,4.34081841362464,4.56806731911834,0.525692912894995,"Q4_89"
"161","ARTR",1933,"Q25","P10E1",69,5.95993881877246,5.74142117201804,0.038321632949585,"Q25_69"
"162","ARTR",1933,"Q1","E1",1,4.12203240041472,3.44592390071585,0.165499510410195,"Q1_1"
"163","ARTR",1933,"Q7","P1E1",103,5.98878849542352,5.71150535628822,0.818046891850601,"Q7_103"
"164","ARTR",1933,"Q21","P7E1",55,6.45213331002746,6.37348368638411,0.0310182946256046,"Q21_55"
"165","ARTR",1933,"Q10","P1E1",6,5.68743965870428,5.11264449015059,0,"Q10_6"
"166","ARTR",1933,"Q21","P7E1",54,5.22492699109098,4.8775333094534,0.181934981427423,"Q21_54"
"167","ARTR",1933,"Q12","P1",10,3.69463021996681,2.87588146722008,0.0109675388781022,"Q12_10"
"168","ARTR",1933,"Q3","E1",77,5.58590059248966,5.29279459005431,0.0520903359953553,"Q3_77"
"169","ARTR",1933,"Q3","E1",78,5.39198733830992,4.84957167140016,0.108303653199697,"Q3_78"
"170","ARTR",1933,"Q3","E1",80,4.83801627191196,4.82423576727367,0.0604796357345918,"Q3_80"
"171","ARTR",1933,"Q24","P10E1",66,4.36221738642078,3.02399395868917,0.00439831002302102,"Q24_66"
"172","ARTR",1933,"Q26","P10E1",75,5.9558554972798,5.22390451399993,0.0337019731658013,"Q26_75"
"173","ARTR",1933,"Q24","P10E1",67,4.14048028059244,3.96563760413291,0.00549015972875698,"Q24_67"
"174","ARTR",1933,"Q26","P10E1",76,4.6580521444803,3.72450035822241,0.308883635370413,"Q26_76"
"175","ARTR",1933,"Q7","P1E1",104,5.46769359801704,5.33760078831201,0.178408931989809,"Q7_104"
"176","ARTR",1933,"Q23","P10E1",67,1.77060511382894,1.72160984735613,0.136673797768212,"Q23_67"
"177","ARTR",1933,"Q2","E1",47,4.09987372734368,3.69875888888968,0.0224121331461784,"Q2_47"
"178","ARTR",1933,"Q21","P7E1",56,5.07033895297609,4.61340959662588,0.400225932232328,"Q21_56"
"179","ARTR",1933,"Q4","E1",87,4.22131534291414,2.08982401615045,0.0245597322965923,"Q4_87"
"180","ARTR",1933,"Q25","P10E1",68,6.13829306190814,5.7390196126171,0.0330243321809898,"Q25_68"
"181","ARTR",1933,"Q7","P1E1",102,6.47054671889402,6.01720683298878,0.355305357686497,"Q7_102"
"182","ARTR",1933,"Q14","P1",16,4.88281757549417,4.206168901091,0.0255620645566923,"Q14_16"
"183","ARTR",1933,"Q3","E1",82,4.476515839616,3.70462416384496,0.346991249225538,"Q3_82"
"184","ARTR",1933,"Q1","E1",5,4.58168198356202,3.57323242291865,0.0831070276092842,"Q1_5"
"185","ARTR",1933,"Q5","E1",94,3.58221324223902,2.85156157166517,0.847936218773007,"Q5_94"
"186","ARTR",1933,"Q3","E1",81,4.44713090984402,4.18830370448304,0.336855960451498,"Q3_81"
"187","ARTR",1933,"Q4","E1",86,4.31216344716107,3.9260612160386,0.0149900037894068,"Q4_86"
"188","ARTR",1933,"Q22","P7E1",61,4.22128917432899,3.61671265900251,0.144984239058588,"Q22_61"
"189","ARTR",1933,"Q1","E1",4,5.12703138379501,4.56609024539789,0.039760700082011,"Q1_4"
"190","ARTR",1933,"Q14","P1",15,5.85283538921515,4.91292308653171,0.0104267864566056,"Q14_15"
"191","ARTR",1933,"Q22","P7E1",56,5.8307344431779,5.76753239711906,0.61179596289393,"Q22_56"
"192","ARTR",1933,"Q22","P7E1",57,6.02903279761968,6.08350662315579,0.464056147477705,"Q22_57"
"193","ARTR",1933,"Q23","P10E1",61,5.95718142022795,4.69504599997481,0.0135207186465953,"Q23_61"
"194","ARTR",1933,"Q11","P1",8,4.54898996812313,2.81972315215174,0.00594030187022179,"Q11_8"
"195","ARTR",1933,"Q23","P10E1",65,3.04724141224548,1.85063826051787,0.0380855572320273,"Q23_65"
"196","ARTR",1933,"Q8","P1E1",104,6.19287467852906,6.15033154830055,0.0755290576046865,"Q8_104"
"197","ARTR",1933,"Q5","E1",93,5.74493350687761,5.26113496981568,0.039832982950461,"Q5_93"
"198","ARTR",1933,"Q26","P10E1",73,5.79828491014108,5.29574530563345,0.0376411143439065,"Q26_73"
"199","ARTR",1933,"Q20","P7E1",55,3.98808629203658,3.86949472832703,0.0850911426688649,"Q20_55"
"200","ARTR",1933,"Q1","E1",6,4.90470229904781,3.68781852778056,0.109703949341574,"Q1_6"
"201","ARTR",1933,"Q1","E1",7,3.06196382664132,3.97957019273712,0.620839970303714,"Q1_7"
"202","ARTR",1933,"Q20","P7E1",49,6.80688693749565,6.6616850059366,0.0255841069394219,"Q20_49"
"203","ARTR",1933,"Q5","E1",92,4.09672809268845,3.43343299836065,0.0575051590692616,"Q5_92"
"204","ARTR",1933,"Q6","E1",96,5.13313213385629,4.40715272988245,0.0698894364293111,"Q6_96"
"205","ARTR",1933,"Q22","P7E1",58,7.07652757098897,6.97229212886831,0.066883188750667,"Q22_58"
"206","ARTR",1933,"Q5","E1",91,3.97707118716669,3.93015728081852,0.0794034836576668,"Q5_91"
"207","ARTR",1933,"Q20","P7E1",48,5.74151393519232,5.45792125727067,0.0670602515976674,"Q20_48"
"208","ARTR",1933,"Q5","E1",90,5.32045722313977,4.1909231001988,0.36340346248191,"Q5_90"
"209","ARTR",1933,"Q5","E1",88,4.31869635425277,3.12911417800571,0.20027093727138,"Q5_88"
"210","ARTR",1933,"Q5","E1",89,4.94176997376002,4.85860730410135,0.496279379108862,"Q5_89"
"211","ARTR",1933,"Q8","P1E1",103,6.74345731488149,6.72445965766133,0.0503823527813304,"Q8_103"
"212","ARTR",1933,"Q8","P1E1",102,5.44023946280557,5.46596210508701,0.222850071569796,"Q8_102"
"213","ARTR",1933,"Q23","P10E1",62,4.37966491651174,3.98249539404965,0.0842318548677611,"Q23_62"
"214","ARTR",1933,"Q23","P10E1",64,4.01076910569147,3.15598724252604,0.0470339139214098,"Q23_64"
"215","ARTR",1933,"Q2","E1",45,5.22816636057502,3.29309514647948,0.0678379866719071,"Q2_45"
"216","ARTR",1933,"Q2","E1",44,4.15457098555235,3.20031710016431,0.0221746968213897,"Q2_44"
"217","ARTR",1933,"Q6","E1",100,5.38575636151273,4.43707573009004,0.0367704658275281,"Q6_100"
"218","ARTR",1933,"Q6","E1",95,5.03591001755242,4.88167507277802,0.196139842231473,"Q6_95"
"219","ARTR",1933,"Q13","P1",12,3.99064718223157,3.36621861551648,0.00175188639789192,"Q13_12"
"220","ARTR",1933,"Q13","P1",11,3.21995318590632,2.62555926278959,0.00378629188350321,"Q13_11"
"221","ARTR",1934,"Q16","P2",29,0.940491226516301,3.15033249303744,0.465494973157429,"Q16_29"
"222","ARTR",1934,"Q25","P10E1",70,4.90288658527023,1.89543685762155,0.0435586478609226,"Q25_70"
"223","ARTR",1934,"Q16","P2",28,3.1961614381681,4.15002514821405,0.847589513323548,"Q16_28"
"224","ARTR",1934,"Q25","P10E1",68,5.7390196126171,5.61554634469002,0.0312329345868151,"Q25_68"
"225","ARTR",1934,"Q7","P1E1",103,5.71150535628822,5.61841362978999,0.337912740246025,"Q7_103"
"226","ARTR",1934,"Q16","P2",25,5.60425406361079,5.76120292923455,0.101596502983475,"Q16_25"
"227","ARTR",1934,"Q26","P10E1",75,5.22390451399993,5.52175490584354,0.0150535119337235,"Q26_75"
"228","ARTR",1934,"Q23","P10E1",63,4.44259490478494,4.47814707590047,0.0263737692787559,"Q23_63"
"229","ARTR",1934,"Q7","P1E1",102,6.01720683298878,6.41683238567177,0.296986875206276,"Q7_102"
"230","ARTR",1934,"Q15","P2",28,2.67842226313751,4.12223692818599,0.1853749061177,"Q15_28"
"231","ARTR",1934,"Q21","P7E1",54,4.8775333094534,5.19806907119569,0.107763156466439,"Q21_54"
"232","ARTR",1934,"Q4","E1",89,4.56806731911834,-0.0759448692936636,0.00723252630801385,"Q4_89"
"233","ARTR",1934,"Q14","P1",16,4.206168901091,4.63574470328437,0.00955755361304291,"Q14_16"
"234","ARTR",1934,"Q22","P7E1",58,6.97229212886831,7.14449502018844,0.0559518746761576,"Q22_58"
"235","ARTR",1934,"Q7","P1E1",104,5.33760078831201,5.46283750833407,0.28380728934328,"Q7_104"
"236","ARTR",1934,"Q25","P10E1",69,5.74142117201804,5.94463511720467,0.0311806302756955,"Q25_69"
"237","ARTR",1934,"Q4","E1",87,2.08982401615045,0.814775327624756,0.0134117209055102,"Q4_87"
"238","ARTR",1934,"Q22","P7E1",61,3.61671265900251,4.47251190785958,0.128783390946248,"Q22_61"
"239","ARTR",1934,"Q23","P10E1",64,3.15598724252604,4.41095753812921,0.0296410059068889,"Q23_64"
"240","ARTR",1934,"Q23","P10E1",67,1.72160984735613,3.17015077875854,0.066942752397144,"Q23_67"
"241","ARTR",1934,"Q1","E1",9,4.01574539661241,4.6950315150037,0.130282437064543,"Q1_9"
"242","ARTR",1934,"Q17","P2",28,6.54526758067287,6.54195152121128,0.0154809987859535,"Q17_28"
"243","ARTR",1934,"Q21","P7E1",55,6.37348368638411,6.88732384397782,0.0162493601626959,"Q21_55"
"244","ARTR",1934,"Q1","E1",1,3.44592390071585,3.98723415491507,0.0313109203066664,"Q1_1"
"245","ARTR",1934,"Q4","E1",86,3.9260612160386,4.46301063419321,0.0104280851474048,"Q4_86"
"246","ARTR",1934,"Q15","P2",21,4.31354166989476,5.17880158054647,0.0568022890166643,"Q15_21"
"247","ARTR",1934,"Q4","E1",85,3.79619571435595,5.30903787103836,0.0108603637752572,"Q4_85"
"248","ARTR",1934,"Q2","E1",49,1.64285573924711,3.32094280418469,0.0282253930550259,"Q2_49"
"249","ARTR",1934,"Q21","P7E1",56,4.61340959662588,4.52326502200236,0.12282509529335,"Q21_56"
"250","ARTR",1934,"Q15","P2",22,3.57772999257302,4.56750570128292,0.115255587281374,"Q15_22"
"251","ARTR",1934,"Q15","P2",25,2.16641593881905,3.81577969038853,0.662989660662874,"Q15_25"
"252","ARTR",1934,"Q17","P2",30,4.51489891425612,4.69186548311308,0.0642750233441366,"Q17_30"
"253","ARTR",1934,"Q23","P10E1",62,3.98249539404965,4.68345946592069,0.0412987987203563,"Q23_62"
"254","ARTR",1934,"Q23","P10E1",61,4.69504599997481,4.16192191128529,0.0128305671996625,"Q23_61"
"255","ARTR",1934,"Q2","E1",47,3.69875888888968,4.7035562685314,0.00546427222804504,"Q2_47"
"256","ARTR",1934,"Q1","E1",7,3.97957019273712,4.97919794859668,0.0290390229271293,"Q1_7"
"257","ARTR",1934,"Q26","P10E1",73,5.29574530563345,4.99554883561228,0.0149191234748512,"Q26_73"
"258","ARTR",1934,"Q10","P1E1",6,5.11264449015059,5.56305060854038,3.50000000023135e-05,"Q10_6"
"259","ARTR",1934,"Q12","P1",10,2.87588146722008,4.15989220184081,5.24999999999973e-05,"Q12_10"
"260","ARTR",1934,"Q15","P2",23,5.84353476944859,6.21710298360632,0.0378818442719562,"Q15_23"
"261","ARTR",1934,"Q24","P10E1",66,3.02399395868917,3.55129274293207,0.00369277293542874,"Q24_66"
"262","ARTR",1934,"Q17","P2",31,4.44897681436912,4.97802865813797,0.0581273407047619,"Q17_31"
"263","ARTR",1934,"Q24","P10E1",67,3.96563760413291,4.68921192011656,0.00144013077057899,"Q24_67"
"264","ARTR",1934,"Q1","E1",2,5.05145571805528,5.96627046249528,0.0445135433547743,"Q1_2"
"265","ARTR",1934,"Q20","P7E1",55,3.86949472832703,4.85897957160622,0.0711533553286791,"Q20_55"
"266","ARTR",1934,"Q8","P1E1",104,6.15033154830055,6.62692615653734,0.074831770640479,"Q8_104"
"267","ARTR",1934,"Q6","E1",96,4.40715272988245,3.29319311139985,0.0681570568372018,"Q6_96"
"268","ARTR",1934,"Q15","P2",19,4.71963527891072,5.42010344864558,0.166341582005411,"Q15_19"
"269","ARTR",1934,"Q15","P2",20,5.30214627690615,5.6610805892478,0.159531033077438,"Q15_20"
"270","ARTR",1934,"Q5","E1",89,4.85860730410135,5.58140134708406,0.122483718654527,"Q5_89"
"271","ARTR",1934,"Q1","E1",6,3.68781852778056,4.38062014265254,0.262511218393695,"Q1_6"
"272","ARTR",1934,"Q5","E1",92,3.43343299836065,4.25118828113365,0.0335273391101433,"Q5_92"
"273","ARTR",1934,"Q22","P7E1",57,6.08350662315579,6.80029973728902,0.308199582079643,"Q22_57"
"274","ARTR",1934,"Q15","P2",24,4.08880089109965,4.30922540451467,0.132795468026813,"Q15_24"
"275","ARTR",1934,"Q17","P2",29,3.41621488043099,4.07762321243088,0.739872902116141,"Q17_29"
"276","ARTR",1934,"Q20","P7E1",49,6.6616850059366,7.08667141055878,0.0197769175261127,"Q20_49"
"277","ARTR",1934,"Q3","E1",81,4.18830370448304,4.87539352151026,0.152828564708471,"Q3_81"
"278","ARTR",1934,"Q3","E1",82,3.70462416384496,4.46976463433847,0.24012061038677,"Q3_82"
"279","ARTR",1934,"Q8","P1E1",103,6.72445965766133,6.86591139063119,0.0498763271226932,"Q8_103"
"280","ARTR",1934,"Q3","E1",77,5.29279459005431,5.04345786025415,0.0302478881047016,"Q3_77"
"281","ARTR",1934,"Q2","E1",44,3.20031710016431,4.21960260905494,0.00657424999221184,"Q2_44"
"282","ARTR",1934,"Q6","E1",95,4.88167507277802,5.47203545861562,0.048683881293144,"Q6_95"
"283","ARTR",1934,"Q14","P1",15,4.91292308653171,5.77550419814852,0.00473192887352371,"Q14_15"
"284","ARTR",1934,"Q18","P2",39,2.52117254422898,4.02562823356508,0.252242659749636,"Q18_39"
"285","ARTR",1934,"Q8","P1E1",102,5.46596210508701,5.98440982345995,0.231457555468799,"Q8_102"
"286","ARTR",1934,"Q3","E1",78,4.84957167140016,5.22448484406995,0.131121658214163,"Q3_78"
"287","ARTR",1934,"Q5","E1",90,4.1909231001988,4.9192815411697,0.207355410484084,"Q5_90"
"288","ARTR",1934,"Q18","P2",35,2.45363328622589,3.95999382450223,0.0792252776489756,"Q18_35"
"289","ARTR",1934,"Q5","E1",91,3.93015728081852,3.52234487000971,0.0603117434640901,"Q5_91"
"290","ARTR",1934,"Q1","E1",4,4.56609024539789,5.29306963928162,0.0260518887196565,"Q1_4"
"291","ARTR",1934,"Q3","E1",80,4.82423576727367,5.21772240824552,0.0344388918977688,"Q3_80"
"292","ARTR",1934,"Q5","E1",93,5.26113496981568,5.2512240855327,0.0222071314593047,"Q5_93"
"293","ARTR",1934,"Q18","P2",34,2.66132331041936,-0.362520935641294,0.0623579668923558,"Q18_34"
"294","ARTR",1934,"Q18","P2",38,0.881905935316541,2.8683162371068,0.252944588730058,"Q18_38"
"295","ARTR",1934,"Q1","E1",5,3.57323242291865,4.86091428543978,0.0302893954492084,"Q1_5"
"296","ARTR",1934,"Q15","P2",18,3.263958171188,3.6561845017906,1.01556639586131,"Q15_18"
"297","ARTR",1934,"Q6","E1",100,4.43707573009004,3.96561353187644,0.014972082500177,"Q6_100"
"298","ARTR",1934,"Q18","P2",37,1.07387091348886,2.77660058332745,0.345934638709935,"Q18_37"
"299","ARTR",1934,"Q15","P2",17,2.15959193586266,3.60318811458228,0.0741612706426007,"Q15_17"
"300","ARTR",1934,"Q20","P7E1",48,5.45792125727067,6.06151733714942,0.0580849814696571,"Q20_48"
"301","ARTR",1934,"Q13","P1",12,3.36621861551648,3.41913168990011,0.000966860771301785,"Q13_12"
"302","ARTR",1934,"Q13","P1",11,2.62555926278959,2.16699612673025,0.0020278144319739,"Q13_11"
"303","ARTR",1934,"Q3","E1",83,4.07506540670066,4.38695110703192,0.0390334796541652,"Q3_83"
"304","ARTR",1935,"Q19","P7E1",49,3.74790722564332,3.90748061156019,0.00695750000000019,"Q19_49"
"305","ARTR",1935,"Q2","E1",49,3.32094280418469,4.09878349954603,0.0636654085236164,"Q2_49"
"306","ARTR",1935,"Q22","P7E1",61,4.47251190785958,4.52700468501735,0.149581240203167,"Q22_61"
"307","ARTR",1935,"Q8","P1E1",104,6.62692615653734,6.51609278107276,0.0950920266763539,"Q8_104"
"308","ARTR",1935,"Q1","E1",11,2.39741294104056,3.31809034915398,0.485741929442561,"Q1_11"
"309","ARTR",1935,"Q21","P7E1",54,5.19806907119569,5.0909119024129,0.0750513264318905,"Q21_54"
"310","ARTR",1935,"Q1","E1",6,4.38062014265254,4.49225892327615,0.520134816688903,"Q1_6"
"311","ARTR",1935,"Q2","E1",47,4.7035562685314,4.11221222292566,0.0245205418542152,"Q2_47"
"312","ARTR",1935,"Q2","E1",52,3.55476969312381,3.39958020273292,0.0302781790760625,"Q2_52"
"313","ARTR",1935,"Q6","E1",96,3.29319311139985,3.7267717379398,0.0784105854117376,"Q6_96"
"314","ARTR",1935,"Q14","P1",16,4.63574470328437,4.5224397080607,0.0242795028841162,"Q14_16"
"315","ARTR",1935,"Q1","E1",9,4.6950315150037,3.14901919702254,0.262712992445736,"Q1_9"
"316","ARTR",1935,"Q14","P1",18,1.5961708431842,1.74232846513958,0.03249318587167,"Q14_18"
"317","ARTR",1935,"Q21","P7E1",56,4.52326502200236,4.80653158249771,0.109250652988742,"Q21_56"
"318","ARTR",1935,"Q7","P1E1",103,5.61841362978999,5.32331848617936,0.508719799348625,"Q7_103"
"319","ARTR",1935,"Q26","P10E1",71,5.4876287657094,5.53143955326533,0.0290229266491174,"Q26_71"
"320","ARTR",1935,"Q1","E1",5,4.86091428543978,4.94413168539377,0.0705244942407701,"Q1_5"
"321","ARTR",1935,"Q26","P10E1",75,5.52175490584354,5.7941046644903,0.0296663677451919,"Q26_75"
"322","ARTR",1935,"Q23","P10E1",64,4.41095753812921,4.82911989147269,0.0915416563765871,"Q23_64"
"323","ARTR",1935,"Q1","E1",4,5.29306963928162,5.21102589306232,0.13957345425366,"Q1_4"
"324","ARTR",1935,"Q8","P1E1",103,6.86591139063119,6.99303748631926,0.0839172404053874,"Q8_103"
"325","ARTR",1935,"Q21","P7E1",55,6.88732384397782,6.58746109695987,0.0194214823707634,"Q21_55"
"326","ARTR",1935,"Q1","E1",2,5.96627046249528,5.49307970037553,0.11026274225214,"Q1_2"
"327","ARTR",1935,"Q20","P7E1",55,4.85897957160622,5.0524743839996,0.117292859482992,"Q20_55"
"328","ARTR",1935,"Q26","P10E1",73,4.99554883561228,5.27032143816266,0.0381506174533035,"Q26_73"
"329","ARTR",1935,"Q2","E1",46,4.51407439563603,3.93292598104058,0.0226808992854655,"Q2_46"
"330","ARTR",1935,"Q22","P7E1",58,7.14449502018844,6.82310481440788,0.0691788218534505,"Q22_58"
"331","ARTR",1935,"Q7","P1E1",102,6.41683238567177,6.98753820337646,0.220250954632751,"Q7_102"
"332","ARTR",1935,"Q4","E1",86,4.46301063419321,4.28674366234943,0.0180964822028364,"Q4_86"
"333","ARTR",1935,"Q23","P10E1",61,4.16192191128529,3.37452443606445,0.0297709959510123,"Q23_61"
"334","ARTR",1935,"Q1","E1",7,4.97919794859668,4.4621217802033,0.0897471337232595,"Q1_7"
"335","ARTR",1935,"Q23","P10E1",63,4.47814707590047,4.03917903232796,0.0504455455036776,"Q23_63"
"336","ARTR",1935,"Q3","E1",82,4.46976463433847,4.53646441878276,0.27688988793685,"Q3_82"
"337","ARTR",1935,"Q1","E1",1,3.98723415491507,3.48889326920986,0.0758249050524866,"Q1_1"
"338","ARTR",1935,"Q22","P7E1",57,6.80029973728902,6.67573282183643,0.0928434388248552,"Q22_57"
"339","ARTR",1935,"Q6","E1",100,3.96561353187644,3.27313395338821,0.0186810916995846,"Q6_100"
"340","ARTR",1935,"Q25","P10E1",68,5.61554634469002,5.1904687509128,0.0272023860675483,"Q25_68"
"341","ARTR",1935,"Q4","E1",85,5.30903787103836,3.96282818627766,0.0480113444298716,"Q4_85"
"342","ARTR",1935,"Q20","P7E1",49,7.08667141055878,6.91302235952795,0.0399901451532317,"Q20_49"
"343","ARTR",1935,"Q12","P1",10,4.15989220184081,4.30072664366955,0.00286240284421319,"Q12_10"
"344","ARTR",1935,"Q23","P10E1",62,4.68345946592069,4.97747642794071,0.0929245309048801,"Q23_62"
"345","ARTR",1935,"Q3","E1",81,4.87539352151026,4.7442629010023,0.195070440397389,"Q3_81"
"346","ARTR",1935,"Q6","E1",95,5.47203545861562,4.40821818037568,0.0187196348043744,"Q6_95"
"347","ARTR",1935,"Q25","P10E1",69,5.94463511720467,6.13565950608612,0.0197098198012839,"Q25_69"
"348","ARTR",1935,"Q20","P7E1",48,6.06151733714942,5.86914346944099,0.100161535245647,"Q20_48"
"349","ARTR",1935,"Q11","P1",9,4.28213930957884,4.25359972569184,0.00110581027717245,"Q11_9"
"350","ARTR",1935,"Q4","E1",84,3.17214370533134,2.89915157503247,0.365522531133375,"Q4_84"
"351","ARTR",1935,"Q2","E1",44,4.21960260905494,4.32074942806405,0.0223113106738811,"Q2_44"
"352","ARTR",1935,"Q10","P1E1",6,5.56305060854038,5.76540278100639,0.000139999999999996,"Q10_6"
"353","ARTR",1935,"Q5","E1",91,3.52234487000971,3.67994641228928,0.15331292892407,"Q5_91"
"354","ARTR",1935,"Q3","E1",78,5.22448484406995,5.07936448895691,0.112282699084785,"Q3_78"
"355","ARTR",1935,"Q5","E1",92,4.25118828113365,2.82700343181321,0.0530930432562169,"Q5_92"
"356","ARTR",1935,"Q3","E1",83,4.38695110703192,3.77264133071208,0.0520727095598636,"Q3_83"
"357","ARTR",1935,"Q8","P1E1",102,5.98440982345995,5.82519875422937,0.364717873327383,"Q8_102"
"358","ARTR",1935,"Q5","E1",90,4.9192815411697,5.24861080473952,0.344837855674099,"Q5_90"
"359","ARTR",1935,"Q3","E1",80,5.21772240824552,5.08868588528426,0.0792848639670797,"Q3_80"
"360","ARTR",1935,"Q14","P1",15,5.77550419814852,5.52019485474246,0.00893534689108183,"Q14_15"
"361","ARTR",1935,"Q5","E1",89,5.58140134708406,4.83304160729066,0.152275976491116,"Q5_89"
"362","ARTR",1935,"Q3","E1",77,5.04345786025415,5.19139813283126,0.0713431705569211,"Q3_77"
"363","ARTR",1935,"Q24","P10E1",67,4.68921192011656,3.93984112287696,0.00211924001624322,"Q24_67"
"364","ARTR",1935,"Q13","P1",12,3.41913168990011,2.2602468105317,0.000663741031766625,"Q13_12"
"365","ARTR",1935,"Q23","P10E1",67,3.17015077875854,3.31923320211556,0.268304523738224,"Q23_67"
"366","ARTR",1936,"Q2","E1",47,4.11221222292566,3.65304852307198,0.0155763719028563,"Q2_47"
"367","ARTR",1936,"Q19","P7E1",49,3.90748061156019,4.51858249926543,0.000906380237716589,"Q19_49"
"368","ARTR",1936,"Q2","E1",44,4.32074942806405,4.62979654077371,0.01702876227197,"Q2_44"
"369","ARTR",1936,"Q2","E1",46,3.93292598104058,4.33398973746514,0.0246556601159383,"Q2_46"
"370","ARTR",1936,"Q6","E1",95,4.40821818037568,4.84936863586569,0.0476118365822567,"Q6_95"
"371","ARTR",1936,"Q10","P1E1",8,2.50804865593128,2.97866712669687,0.272394266281849,"Q10_8"
"372","ARTR",1936,"Q6","E1",96,3.7267717379398,3.70788067605689,0.0987309515849957,"Q6_96"
"373","ARTR",1936,"Q2","E1",49,4.09878349954603,4.19758345367613,0.0829399389136591,"Q2_49"
"374","ARTR",1936,"Q22","P7E1",61,4.52700468501735,3.88694247431711,0.127658616068662,"Q22_61"
"375","ARTR",1936,"Q2","E1",52,3.39958020273292,2.92024807175361,0.569547817051396,"Q2_52"
"376","ARTR",1936,"Q1","E1",1,3.48889326920986,3.68390312671002,0.056161518509396,"Q1_1"
"377","ARTR",1936,"Q20","P7E1",55,5.0524743839996,5.29495256996396,0.0944580629781672,"Q20_55"
"378","ARTR",1936,"Q1","E1",6,4.49225892327615,5.24104305887501,0.210673256911105,"Q1_6"
"379","ARTR",1936,"Q6","E1",100,3.27313395338821,3.83498358116414,0.262227772941521,"Q6_100"
"380","ARTR",1936,"Q3","E1",82,4.53646441878276,4.12299635584466,0.175924365537349,"Q3_82"
"381","ARTR",1936,"Q7","P1E1",103,5.32331848617936,5.91957869579092,0.297564048919035,"Q7_103"
"382","ARTR",1936,"Q20","P7E1",49,6.91302235952795,6.93651313822436,0.0353451375175733,"Q20_49"
"383","ARTR",1936,"Q22","P7E1",60,4.64430937177965,5.06437371415944,0.146462043265632,"Q22_60"
"384","ARTR",1936,"Q3","E1",80,5.08868588528426,5.26988690029096,0.0978940680899436,"Q3_80"
"385","ARTR",1936,"Q14","P1",16,4.5224397080607,4.54292074360286,0.0189326479909359,"Q14_16"
"386","ARTR",1936,"Q7","P1E1",102,6.98753820337646,7.29121968680071,0.0146600043584425,"Q7_102"
"387","ARTR",1936,"Q21","P7E1",54,5.0909119024129,5.4193941496357,0.0843988418326883,"Q21_54"
"388","ARTR",1936,"Q1","E1",2,5.49307970037553,6.17656549344287,0.0501163250327545,"Q1_2"
"389","ARTR",1936,"Q23","P10E1",64,4.82911989147269,5.27561639013301,0.107320173587704,"Q23_64"
"390","ARTR",1936,"Q11","P1",9,4.25359972569184,4.28823338257774,1.7499999999991e-05,"Q11_9"
"391","ARTR",1936,"Q20","P7E1",48,5.86914346944099,6.10485836690083,0.0810451857427035,"Q20_48"
"392","ARTR",1936,"Q10","P1E1",6,5.76540278100639,5.93870043897242,0.00140170497029681,"Q10_6"
"393","ARTR",1936,"Q12","P1",10,4.30072664366955,3.78131794479042,5e-04,"Q12_10"
"394","ARTR",1936,"Q3","E1",81,4.7442629010023,4.96714482569773,0.16092439914878,"Q3_81"
"395","ARTR",1936,"Q8","P1E1",103,6.99303748631926,6.95359726153181,0.0722119185514277,"Q8_103"
"396","ARTR",1936,"Q8","P1E1",104,6.51609278107276,6.70085929825626,0.100645868769651,"Q8_104"
"397","ARTR",1936,"Q26","P10E1",75,5.7941046644903,5.90862845402201,0.0318589928539613,"Q26_75"
"398","ARTR",1936,"Q25","P10E1",69,6.13565950608612,6.44818815514004,0.0145101002301146,"Q25_69"
"399","ARTR",1936,"Q1","E1",4,5.21102589306232,5.27152179798246,0.0929008857370416,"Q1_4"
"400","ARTR",1936,"Q1","E1",5,4.94413168539377,5.00531424974933,0.0480165755224519,"Q1_5"
"401","ARTR",1936,"Q1","E1",7,4.4621217802033,5.14765908477645,0.0574881704924728,"Q1_7"
"403","ARTR",1936,"Q23","P10E1",63,4.03917903232796,3.86220563080866,0.0835339854988273,"Q23_63"
"404","ARTR",1936,"Q21","P7E1",55,6.58746109695987,6.89467864608337,0.0202191278478615,"Q21_55"
"405","ARTR",1936,"Q1","E1",9,3.14901919702254,3.1745404259814,0.221668753661287,"Q1_9"
"406","ARTR",1936,"Q3","E1",77,5.19139813283126,5.3951762846197,0.0842900851535275,"Q3_77"
"407","ARTR",1936,"Q3","E1",78,5.07936448895691,5.36828036451009,0.16660412574729,"Q3_78"
"408","ARTR",1936,"Q14","P1",15,5.52019485474246,5.70884846483136,0.00789898452542301,"Q14_15"
"409","ARTR",1936,"Q14","P1",18,1.74232846513958,0.909830545734101,0.0381365479067406,"Q14_18"
"410","ARTR",1936,"Q26","P10E1",73,5.27032143816266,4.06645315168674,0.0407480646107977,"Q26_73"
"411","ARTR",1936,"Q22","P7E1",58,6.82310481440788,7.19602731986831,0.0688033096753805,"Q22_58"
"412","ARTR",1936,"Q25","P10E1",68,5.1904687509128,5.41342786214854,0.03450472674671,"Q25_68"
"413","ARTR",1936,"Q4","E1",84,2.89915157503247,3.0777140544708,0.182230267293336,"Q4_84"
"414","ARTR",1936,"Q23","P10E1",67,3.31923320211556,4.0074332807682,0.571891138893381,"Q23_67"
"415","ARTR",1936,"Q24","P10E1",67,3.93984112287696,4.40134567520789,1.90967151070254e-11,"Q24_67"
"416","ARTR",1936,"Q23","P10E1",62,4.97747642794071,5.09616318660003,0.123163838393965,"Q23_62"
"417","ARTR",1936,"Q5","E1",92,2.82700343181321,2.95352953092714,0.0264401859534983,"Q5_92"
"418","ARTR",1936,"Q5","E1",91,3.67994641228928,4.13832380163522,0.0233737317695853,"Q5_91"
"419","ARTR",1936,"Q26","P10E1",71,5.53143955326533,5.41054757955877,0.0371685568782219,"Q26_71"
"420","ARTR",1936,"Q5","E1",90,5.24861080473952,5.48875098930096,0.0371797978917845,"Q5_90"
"421","ARTR",1936,"Q8","P1E1",102,5.82519875422937,5.59367074650943,0.302318189956021,"Q8_102"
"422","ARTR",1936,"Q21","P7E1",56,4.80653158249771,5.07889891779111,0.133570688333989,"Q21_56"
"423","ARTR",1936,"Q5","E1",89,4.83304160729066,5.01041922475496,0.129635662668104,"Q5_89"
"424","ARTR",1936,"Q22","P7E1",57,6.67573282183643,6.94474892078275,0.0771308489604663,"Q22_57"
"425","ARTR",1936,"Q4","E1",86,4.28674366234943,3.6947628044674,0.00509002865152678,"Q4_86"
"426","ARTR",1936,"Q4","E1",85,3.96282818627766,4.85897034527825,0.0709049583496917,"Q4_85"
"427","ARTR",1937,"Q3","E1",82,4.12299635584466,3.98567395164714,0.13244680419468,"Q3_82"
"428","ARTR",1937,"Q19","P7E1",49,4.51858249926543,4.83337525657443,0.00780779952929364,"Q19_49"
"429","ARTR",1937,"Q10","P1E1",6,5.93870043897242,5.96371687040799,0.0029113114933878,"Q10_6"
"430","ARTR",1937,"Q22","P7E1",60,5.06437371415944,4.97795334185502,0.387716846139663,"Q22_60"
"431","ARTR",1937,"Q1","E1",1,3.68390312671002,3.9036030087381,0.248093825300681,"Q1_1"
"432","ARTR",1937,"Q3","E1",81,4.96714482569773,5.04899658163886,0.0740533473677224,"Q3_81"
"433","ARTR",1937,"Q2","E1",52,2.92024807175361,3.73512448813803,0.0343901904094663,"Q2_52"
"434","ARTR",1937,"Q21","P7E1",56,5.07889891779111,4.72252581120653,0.152510614239669,"Q21_56"
"435","ARTR",1937,"Q22","P7E1",61,3.88694247431711,3.88612932232627,0.175460445773678,"Q22_61"
"436","ARTR",1937,"Q2","E1",46,4.33398973746514,4.26992162023621,0.0248935421593044,"Q2_46"
"437","ARTR",1937,"Q22","P7E1",58,7.19602731986831,7.05161833939512,0.0861316920790316,"Q22_58"
"438","ARTR",1937,"Q2","E1",44,4.62979654077371,4.36218915580539,0.0868867893560507,"Q2_44"
"439","ARTR",1937,"Q20","P7E1",48,6.10485836690083,5.75688880125713,0.0860302471261392,"Q20_48"
"440","ARTR",1937,"Q2","E1",49,4.19758345367613,5.03332291266293,0.0511784722481219,"Q2_49"
"441","ARTR",1937,"Q26","P10E1",75,5.90862845402201,5.96447735391116,0.0224816696820826,"Q26_75"
"442","ARTR",1937,"Q3","E1",83,4.2698199761793,4.20207776108958,0.0583655409514297,"Q3_83"
"443","ARTR",1937,"Q8","P1E1",104,6.70085929825626,6.78487881542951,0.0921115428585101,"Q8_104"
"444","ARTR",1937,"Q3","E1",80,5.26988690029096,5.61922838914229,0.134029343480586,"Q3_80"
"445","ARTR",1937,"Q5","E1",91,4.13832380163522,3.84789627149459,0.0287767140453914,"Q5_91"
"446","ARTR",1937,"Q23","P10E1",62,5.09616318660003,5.41700731128248,0.0479990832679375,"Q23_62"
"447","ARTR",1937,"Q23","P10E1",63,3.86220563080866,3.1675789843691,0.0320671651594847,"Q23_63"
"448","ARTR",1937,"Q25","P10E1",75,3.25961439549278,2.70848338659716,0.132373527095971,"Q25_75"
"449","ARTR",1937,"Q3","E1",78,5.36828036451009,5.34678368304638,0.220571184700964,"Q3_78"
"450","ARTR",1937,"Q20","P7E1",55,5.29495256996396,5.40394256137524,0.103921817950017,"Q20_55"
"451","ARTR",1937,"Q7","P1E1",103,5.91957869579092,4.87891587029283,0.798867412448112,"Q7_103"
"452","ARTR",1937,"Q23","P10E1",64,5.27561639013301,5.17464905910384,0.215435677818628,"Q23_64"
"453","ARTR",1937,"Q6","E1",96,3.70788067605689,4.58610120443405,0.21325608187786,"Q6_96"
"454","ARTR",1937,"Q14","P1",18,0.909830545734101,1.66039116401365,0.0280557150948351,"Q14_18"
"455","ARTR",1937,"Q26","P10E1",73,4.06645315168674,4.78274892086223,0.0441712513556001,"Q26_73"
"456","ARTR",1937,"Q14","P1",16,4.54292074360286,3.82004251796053,0.0216520467558898,"Q14_16"
"457","ARTR",1937,"Q4","E1",86,3.6947628044674,3.14862643100183,0.0105420098533456,"Q4_86"
"458","ARTR",1937,"Q2","E1",47,3.65304852307198,3.85212958033472,0.0427891040010301,"Q2_47"
"459","ARTR",1937,"Q2","E1",48,4.60160378623806,4.47814905963142,0.0425699783695056,"Q2_48"
"460","ARTR",1937,"Q21","P7E1",54,5.4193941496357,5.78426420779011,0.0909094579030502,"Q21_54"
"461","ARTR",1937,"Q12","P1",10,3.78131794479042,4.19946603171067,0.0190779682278351,"Q12_10"
"462","ARTR",1937,"Q3","E1",77,5.3951762846197,5.42933133543124,0.103832087689701,"Q3_77"
"463","ARTR",1937,"Q20","P7E1",49,6.93651313822436,6.83051140382024,0.0453500146891596,"Q20_49"
"464","ARTR",1937,"Q25","P10E1",69,6.44818815514004,6.44219283306576,0.0190757718802817,"Q25_69"
"465","ARTR",1937,"Q8","P1E1",103,6.95359726153181,7.21804078955974,0.0757452107564507,"Q8_103"
"466","ARTR",1937,"Q25","P10E1",68,5.41342786214854,4.88715789804996,0.101841366126494,"Q25_68"
"467","ARTR",1937,"Q14","P1",15,5.70884846483136,5.4734913313069,0.00760543041235344,"Q14_15"
"468","ARTR",1937,"Q26","P10E1",71,5.41054757955877,5.96223970814699,0.0325929405919929,"Q26_71"
"469","ARTR",1937,"Q11","P1",9,4.28823338257774,3.34499423964006,7.03721525496803e-16,"Q11_9"
"470","ARTR",1937,"Q4","E1",85,4.85897034527825,4.24916951453371,0.0776790205834241,"Q4_85"
"471","ARTR",1937,"Q5","E1",89,5.01041922475496,5.2172555203125,0.184130422930223,"Q5_89"
"472","ARTR",1937,"Q5","E1",90,5.48875098930096,4.49394819808298,0.0451748255292911,"Q5_90"
"473","ARTR",1937,"Q7","P1E1",102,7.29121968680071,7.5466112633024,0.0261103393812813,"Q7_102"
"474","ARTR",1937,"Q5","E1",92,2.95352953092714,3.66619058103979,0.2818233994392,"Q5_92"
"475","ARTR",1937,"Q23","P10E1",67,4.0074332807682,4.66875580888731,0.707570738839421,"Q23_67"
"476","ARTR",1937,"Q6","E1",100,3.83498358116414,3.09686432830843,0.0118073956247568,"Q6_100"
"477","ARTR",1937,"Q24","P10E1",67,4.40134567520789,4.37980946807555,0,"Q24_67"
"478","ARTR",1937,"Q22","P7E1",57,6.94474892078275,6.59664330694892,0.106252562843438,"Q22_57"
"479","ARTR",1937,"Q6","E1",95,4.84936863586569,5.2354993532876,0.0726229111424004,"Q6_95"
"480","ARTR",1937,"Q1","E1",7,5.14765908477645,5.41510096248645,0.140348094247336,"Q1_7"
"481","ARTR",1937,"Q10","P1E1",8,2.97866712669687,3.49006902639143,0.026613405110393,"Q10_8"
"482","ARTR",1937,"Q8","P1E1",102,5.59367074650943,6.04876274721904,0.290126851335787,"Q8_102"
"483","ARTR",1937,"Q4","E1",84,3.0777140544708,2.69101088769504,0.3885083947001,"Q4_84"
"484","ARTR",1937,"Q21","P7E1",55,6.89467864608337,7.11504821194731,0.0271137610073165,"Q21_55"
"485","ARTR",1937,"Q1","E1",4,5.27152179798246,5.86290776200894,0.0738606756521284,"Q1_4"
"486","ARTR",1937,"Q1","E1",5,5.00531424974933,5.40611489791934,0.0770462415575398,"Q1_5"
"487","ARTR",1937,"Q1","E1",2,6.17656549344287,6.46583333252542,0.0659252887756548,"Q1_2"
"488","ARTR",1937,"Q1","E1",6,5.24104305887501,5.24295287501978,0.281799761484974,"Q1_6"
"489","ARTR",1938,"Q4","E1",85,4.24916951453371,3.62019170642913,0.0601046459774002,"Q4_85"
"490","ARTR",1938,"Q26","P10E1",75,5.96447735391116,6.25899573672841,0.0425871725751618,"Q26_75"
"491","ARTR",1938,"Q22","P7E1",60,4.97795334185502,5.25717476490964,0.444695703667623,"Q22_60"
"492","ARTR",1938,"Q3","E1",78,5.34678368304638,5.25442004440579,0.205152201591162,"Q3_78"
"493","ARTR",1938,"Q25","P10E1",69,6.44219283306576,6.39297589723923,0.0143772178823065,"Q25_69"
"494","ARTR",1938,"Q25","P10E1",76,3.95711270904523,4.02774101634339,0.07261120270088,"Q25_76"
"495","ARTR",1938,"Q2","E1",46,4.26992162023621,4.38873787744454,0.0337238455042434,"Q2_46"
"496","ARTR",1938,"Q22","P7E1",58,7.05161833939512,7.05430382021068,0.0658065669791358,"Q22_58"
"497","ARTR",1938,"Q26","P10E1",92,4.41627980583668,4.3045973676021,0.0635639956532898,"Q26_92"
"498","ARTR",1938,"Q22","P7E1",61,3.88612932232627,4.10466064812593,0.149252432944471,"Q22_61"
"499","ARTR",1938,"Q14","P1",18,1.66039116401365,2.41503712719044,0.0495738185683849,"Q14_18"
"500","ARTR",1938,"Q3","E1",80,5.61922838914229,5.35313115412096,0.237082767470691,"Q3_80"
"501","ARTR",1938,"Q12","P1",18,1.45563736480341,0.531295668289735,0.00471805125150877,"Q12_18"
"502","ARTR",1938,"Q5","E1",90,4.49394819808298,4.92980502265355,0.106012738387137,"Q5_90"
"503","ARTR",1938,"Q1","E1",7,5.41510096248645,5.43854804948196,0.290033627986526,"Q1_7"
"505","ARTR",1938,"Q22","P7E1",57,6.59664330694892,6.72024929210526,0.0944212397434662,"Q22_57"
"506","ARTR",1938,"Q20","P7E1",55,5.40394256137524,5.49483330723009,0.120581077311914,"Q20_55"
"507","ARTR",1938,"Q14","P1",16,3.82004251796053,2.90181296693695,0.0422665924459271,"Q14_16"
"508","ARTR",1938,"Q8","P1E1",104,6.78487881542951,6.52850975948187,0.127203259415526,"Q8_104"
"509","ARTR",1938,"Q26","P10E1",73,4.78274892086223,5.02891509385147,0.0614813826617733,"Q26_73"
"510","ARTR",1938,"Q1","E1",5,5.40611489791934,5.43372036774504,0.104130388253107,"Q1_5"
"511","ARTR",1938,"Q3","E1",77,5.42933133543124,5.449376063118,0.158747364315737,"Q3_77"
"512","ARTR",1938,"Q24","P10E1",67,4.37980946807555,4.37726633729031,0.00386143518751773,"Q24_67"
"513","ARTR",1938,"Q23","P10E1",63,3.1675789843691,1.34489630617744,0.0458653914645943,"Q23_63"
"514","ARTR",1938,"Q5","E1",89,5.2172555203125,5.66503782443364,0.0812882373240348,"Q5_89"
"515","ARTR",1938,"Q2","E1",44,4.36218915580539,4.20181662424597,0.071326988590339,"Q2_44"
"516","ARTR",1938,"Q23","P10E1",62,5.41700731128248,5.43352828784933,0.0929494588754299,"Q23_62"
"517","ARTR",1938,"Q14","P1",15,5.4734913313069,5.96531570442281,0.00893461003671234,"Q14_15"
"518","ARTR",1938,"Q7","P1E1",102,7.5466112633024,7.67922459757654,0.0110314934759552,"Q7_102"
"519","ARTR",1938,"Q8","P1E1",103,7.21804078955974,7.01209332199292,0.11728799288763,"Q8_103"
"520","ARTR",1938,"Q7","P1E1",103,4.87891587029283,4.45919116910847,0.710661613843855,"Q7_103"
"521","ARTR",1938,"Q21","P7E1",54,5.78426420779011,5.31154924436028,0.170712909122625,"Q21_54"
"522","ARTR",1938,"Q7","P1E1",125,2.8964027840856,2.83303271833261,0.55954845495435,"Q7_125"
"523","ARTR",1938,"Q2","E1",52,3.73512448813803,1.36918690957241,0.47612800629463,"Q2_52"
"524","ARTR",1938,"Q1","E1",6,5.24295287501978,4.2312070099049,0.330873541927297,"Q1_6"
"525","ARTR",1938,"Q20","P7E1",48,5.75688880125713,6.22519283077245,0.0803561589037743,"Q20_48"
"526","ARTR",1938,"Q10","P1E1",19,2.15369364624063,1.92958112060041,0.339603442264088,"Q10_19"
"527","ARTR",1938,"Q10","P1E1",6,5.96371687040799,5.90284603700786,0.00520328110001645,"Q10_6"
"528","ARTR",1938,"Q3","E1",81,5.04899658163886,4.9827931498339,0.0846180131194716,"Q3_81"
"529","ARTR",1938,"Q1","E1",4,5.86290776200894,5.44524386426674,0.206662581404169,"Q1_4"
"530","ARTR",1938,"Q20","P7E1",49,6.83051140382024,6.82106197787374,0.038399560343033,"Q20_49"
"531","ARTR",1938,"Q26","P10E1",71,5.96223970814699,5.92490180074153,0.0447946622499884,"Q26_71"
"532","ARTR",1938,"Q19","P7E1",49,4.83337525657443,4.71963741398075,0.0134944760773473,"Q19_49"
"533","ARTR",1938,"Q23","P10E1",64,5.17464905910384,5.20127443589767,0.442439451429939,"Q23_64"
"534","ARTR",1938,"Q3","E1",82,3.98567395164714,4.07454756137009,0.106300678264869,"Q3_82"
"535","ARTR",1938,"Q5","E1",91,3.84789627149459,3.96097062824793,0.0480085027351668,"Q5_91"
"536","ARTR",1938,"Q1","E1",2,6.46583333252542,6.50502587846125,0.0930546177245477,"Q1_2"
"537","ARTR",1938,"Q2","E1",47,3.85212958033472,3.8060266047494,0.0323162336658629,"Q2_47"
"538","ARTR",1938,"Q23","P10E1",67,4.66875580888731,4.68064035243375,0.80552166636115,"Q23_67"
"539","ARTR",1938,"Q25","P10E1",68,4.88715789804996,4.30793161141709,0.0492567336849969,"Q25_68"
"540","ARTR",1938,"Q5","E1",92,3.66619058103979,2.18092622189444,0.0309399335016751,"Q5_92"
"541","ARTR",1938,"Q2","E1",82,2.20787093356428,2.78162904262434,0.451513441811432,"Q2_82"
"542","ARTR",1938,"Q1","E1",1,3.9036030087381,4.02571975120687,0.250587307911166,"Q1_1"
"543","ARTR",1938,"Q2","E1",49,5.03332291266293,5.00831327228905,0.0262574860330291,"Q2_49"
"544","ARTR",1938,"Q6","E1",96,4.58610120443405,4.75270146440921,0.248883246040407,"Q6_96"
"545","ARTR",1938,"Q2","E1",48,4.47814905963142,3.90957712088976,0.0340280534229318,"Q2_48"
"546","ARTR",1938,"Q10","P1E1",8,3.49006902639143,3.00579974853562,0.0296593514891247,"Q10_8"
"547","ARTR",1938,"Q3","E1",83,4.20207776108958,4.45459332121944,0.0651638912172551,"Q3_83"
"548","ARTR",1938,"Q6","E1",95,5.2354993532876,5.42270317892949,0.0812614444252263,"Q6_95"
"549","ARTR",1938,"Q21","P7E1",56,4.72252581120653,4.71606408997637,0.382157841887512,"Q21_56"
"550","ARTR",1938,"Q21","P7E1",55,7.11504821194731,7.21630820356297,0.0306491248767858,"Q21_55"
"551","ARTR",1939,"Q26","P10E1",73,5.02891509385147,5.33627782100498,0.0690207387183385,"Q26_73"
"552","ARTR",1939,"Q22","P7E1",57,6.72024929210526,6.70509959378631,0.098744922769329,"Q22_57"
"553","ARTR",1939,"Q25","P10E1",70,3.60173500527064,3.04583520519084,0.0531187412586854,"Q25_70"
"554","ARTR",1939,"Q25","P10E1",76,4.02774101634339,4.14508166352962,0.0517556887510558,"Q25_76"
"555","ARTR",1939,"Q14","P1",18,2.41503712719044,2.83335185152244,0.312594161944639,"Q14_18"
"556","ARTR",1939,"Q1","E1",1,4.02571975120687,4.58584515574628,0.239070124453016,"Q1_1"
"557","ARTR",1939,"Q25","P10E1",68,4.30793161141709,2.83807441224939,0.0901286922246804,"Q25_68"
"558","ARTR",1939,"Q14","P1",33,3.93971178881752,4.11806502600615,0.0438335099780586,"Q14_33"
"559","ARTR",1939,"Q14","P1",15,5.96531570442281,5.63944714105242,0.00681900922782322,"Q14_15"
"560","ARTR",1939,"Q1","E1",2,6.50502587846125,6.71836016659745,0.0606770518847331,"Q1_2"
"561","ARTR",1939,"Q7","P1E1",109,4.02374779321463,4.32560282310936,0.215935320046175,"Q7_109"
"562","ARTR",1939,"Q1","E1",4,5.44524386426674,5.76399628488542,0.087669488872907,"Q1_4"
"563","ARTR",1939,"Q1","E1",5,5.43372036774504,5.24554384505944,0.0878552786258647,"Q1_5"
"564","ARTR",1939,"Q7","P1E1",102,7.67922459757654,7.54960639883492,0.0150070727456413,"Q7_102"
"565","ARTR",1939,"Q21","P7E1",55,7.21630820356297,7.25893542422716,0.0220249118261725,"Q21_55"
"566","ARTR",1939,"Q20","P7E1",49,6.82106197787374,7.01702761717574,0.0524125993334434,"Q20_49"
"567","ARTR",1939,"Q25","P10E1",69,6.39297589723923,5.91908673352021,0.0138507960953822,"Q25_69"
"568","ARTR",1939,"Q20","P7E1",55,5.49483330723009,5.30763754444108,0.120113048749147,"Q20_55"
"569","ARTR",1939,"Q26","P10E1",75,6.25899573672841,6.15444026724852,0.0426433785969484,"Q26_75"
"570","ARTR",1939,"Q2","E1",49,5.00831327228905,5.34688058449093,0.0186970808635435,"Q2_49"
"571","ARTR",1939,"Q26","P10E1",71,5.92490180074153,6.28948876819677,0.0535525237084537,"Q26_71"
"572","ARTR",1939,"Q2","E1",82,2.78162904262434,3.0104331097982,0.190935291604441,"Q2_82"
"573","ARTR",1939,"Q23","P10E1",62,5.43352828784933,5.8519990067764,0.0492788692410328,"Q23_62"
"574","ARTR",1939,"Q26","P10E1",92,4.3045973676021,4.46403184725891,0.073935314320094,"Q26_92"
"575","ARTR",1939,"Q22","P7E1",60,5.25717476490964,5.46899863858328,0.299417367200184,"Q22_60"
"576","ARTR",1939,"Q2","E1",48,3.90957712088976,3.65508855217842,0.107019407828343,"Q2_48"
"577","ARTR",1939,"Q2","E1",46,4.38873787744454,3.17906391004565,0.0277254289704131,"Q2_46"
"578","ARTR",1939,"Q3","E1",82,4.07454756137009,3.93011912609726,0.212061017219248,"Q3_82"
"579","ARTR",1939,"Q10","P1E1",8,3.00579974853562,3.13095996608548,0.0345117959067547,"Q10_8"
"580","ARTR",1939,"Q4","E1",85,3.62019170642913,3.65287772421049,0.00620749978261022,"Q4_85"
"581","ARTR",1939,"Q7","P1E1",125,2.83303271833261,3.58923759130236,0.591862033240578,"Q7_125"
"582","ARTR",1939,"Q6","E1",95,5.42270317892949,5.99124344691714,0.0885376329283747,"Q6_95"
"583","ARTR",1939,"Q11","P1",9,4.30206634324987,4.35748198183068,0,"Q11_9"
"584","ARTR",1939,"Q1","E1",7,5.43854804948196,5.36093303315393,0.358476885469404,"Q1_7"
"585","ARTR",1939,"Q22","P7E1",61,4.10466064812593,4.20290115866808,0.158705562509674,"Q22_61"
"586","ARTR",1939,"Q2","E1",52,1.36918690957241,1.24587535179852,0.0934786809468924,"Q2_52"
"587","ARTR",1939,"Q2","E1",86,0.977184584268315,2.49307731464131,0.141494879427544,"Q2_86"
"588","ARTR",1939,"Q20","P7E1",48,6.22519283077245,6.11650612127574,0.080818011754749,"Q20_48"
"589","ARTR",1939,"Q8","P1E1",103,7.01209332199292,6.56755733295699,0.0485618032079038,"Q8_103"
"590","ARTR",1939,"Q5","E1",89,5.66503782443364,5.69712088243886,0.0911765733358383,"Q5_89"
"591","ARTR",1939,"Q5","E1",90,4.92980502265355,4.60830415198247,0.202802897830473,"Q5_90"
"592","ARTR",1939,"Q8","P1E1",104,6.52850975948187,5.6537199516815,0.0780669344187098,"Q8_104"
"593","ARTR",1939,"Q8","P1E1",121,1.61269441168,2.85141710618984,0.698847849780329,"Q8_121"
"594","ARTR",1939,"Q2","E1",44,4.20181662424597,4.11319273547909,0.12007488688898,"Q2_44"
"595","ARTR",1939,"Q10","P1E1",19,1.92958112060041,2.53186462382329,0.555596088224993,"Q10_19"
"596","ARTR",1939,"Q5","E1",91,3.96097062824793,4.62180752964357,0.0305764155121946,"Q5_91"
"597","ARTR",1939,"Q22","P7E1",58,7.05430382021068,7.16950129622034,0.0764830477853032,"Q22_58"
"598","ARTR",1939,"Q3","E1",83,4.45459332121944,3.87435857430352,0.0588348144344554,"Q3_83"
"599","ARTR",1939,"Q19","P7E1",49,4.71963741398075,5.15640175869938,0.00105249999999925,"Q19_49"
"600","ARTR",1939,"Q3","E1",77,5.449376063118,5.38386378788894,0.160227229633607,"Q3_77"
"601","ARTR",1939,"Q23","P10E1",64,5.20127443589767,5.33810896863629,0.367102075480398,"Q23_64"
"602","ARTR",1939,"Q3","E1",80,5.35313115412096,5.86347194729694,0.32750136940728,"Q3_80"
"603","ARTR",1939,"Q21","P7E1",54,5.31154924436028,5.6653991880967,0.550050728895059,"Q21_54"
"604","ARTR",1939,"Q24","P10E1",67,4.37726633729031,4.52978258994175,0.00619000000000035,"Q24_67"
"605","ARTR",1939,"Q3","E1",81,4.9827931498339,5.08112711413164,0.113806007363404,"Q3_81"
"606","ARTR",1939,"Q10","P1E1",6,5.90284603700786,6.05579540902962,0.00434301173318444,"Q10_6"
"607","ARTR",1939,"Q23","P10E1",67,4.68064035243375,5.03262937983026,0.553702977945496,"Q23_67"
"608","ARTR",1939,"Q3","E1",78,5.25442004440579,5.33799613006869,0.235529148230577,"Q3_78"
"609","ARTR",1940,"Q3","E1",81,5.08112711413164,5.1589725480896,0.108359890937096,"Q3_81"
"610","ARTR",1940,"Q6","E1",95,5.99124344691714,5.29026649507916,0.0527038242025304,"Q6_95"
"611","ARTR",1940,"Q20","P7E1",55,5.30763754444108,2.49134476226101,0.329600846744261,"Q20_55"
"612","ARTR",1940,"Q14","P1",15,5.63944714105242,4.96085577197361,0.00868028861444148,"Q14_15"
"613","ARTR",1940,"Q10","P1E1",19,2.53186462382329,3.2881294369727,0.530749216126969,"Q10_19"
"614","ARTR",1940,"Q3","E1",82,3.93011912609726,2.53251136794308,0.241352972269863,"Q3_82"
"615","ARTR",1940,"Q4","E1",85,3.65287772421049,3.32827955331394,1.58337343236781e-15,"Q4_85"
"616","ARTR",1940,"Q7","P1E1",109,4.32560282310936,4.81900223228445,0.235608625085797,"Q7_109"
"617","ARTR",1940,"Q7","P1E1",102,7.54960639883492,7.42058313055158,0.0166944569051186,"Q7_102"
"618","ARTR",1940,"Q7","P1E1",125,3.58923759130236,4.064763122651,0.33171567455271,"Q7_125"
"619","ARTR",1940,"Q26","P10E1",71,6.28948876819677,6.59549117866527,0.0613263369921411,"Q26_71"
"620","ARTR",1940,"Q3","E1",80,5.86347194729694,6.4663218077798,0.486360159993051,"Q3_80"
"621","ARTR",1940,"Q19","P7E1",49,5.15640175869938,5.66336493444439,0.00103499999999665,"Q19_49"
"622","ARTR",1940,"Q23","P10E1",62,5.8519990067764,6.0722548122139,0.0295123759005597,"Q23_62"
"623","ARTR",1940,"Q20","P7E1",48,6.11650612127574,6.21954709766055,0.0941105751933496,"Q20_48"
"624","ARTR",1940,"Q11","P1",9,4.35748198183068,4.01827260948972,0,"Q11_9"
"625","ARTR",1940,"Q8","P1E1",103,6.56755733295699,6.79564127958141,0.021186429856337,"Q8_103"
"626","ARTR",1940,"Q3","E1",91,3.75884676781116,4.13293567305076,0.072654532422775,"Q3_91"
"627","ARTR",1940,"Q8","P1E1",121,2.85141710618984,2.86315035175364,0.319788636172489,"Q8_121"
"628","ARTR",1940,"Q20","P7E1",49,7.01702761717574,7.5093476785423,0.0486277018108567,"Q20_49"
"629","ARTR",1940,"Q26","P10E1",73,5.33627782100498,5.10170342000822,0.173468396444328,"Q26_73"
"630","ARTR",1940,"Q22","P7E1",61,4.20290115866808,4.43952083677647,0.162179534046573,"Q22_61"
"631","ARTR",1940,"Q21","P7E1",55,7.25893542422716,7.28348773072367,0.020226724362623,"Q21_55"
"632","ARTR",1940,"Q14","P1",18,2.83335185152244,3.06237548047327,0.054060803654057,"Q14_18"
"633","ARTR",1940,"Q1","E1",7,5.36093303315393,5.23026767780294,0.534632431202121,"Q1_7"
"634","ARTR",1940,"Q10","P1E1",6,6.05579540902962,6.24181614193015,0.00355814092377759,"Q10_6"
"635","ARTR",1940,"Q23","P10E1",67,5.03262937983026,5.40566525247668,0.770763498675378,"Q23_67"
"636","ARTR",1940,"Q5","E1",91,4.62180752964357,4.41271901856211,0.0279000436621524,"Q5_91"
"637","ARTR",1940,"Q5","E1",89,5.69712088243886,5.8942259739979,0.0794622264075778,"Q5_89"
"638","ARTR",1940,"Q14","P1",33,4.11806502600615,4.22941499812005,0.0657799081036012,"Q14_33"
"639","ARTR",1940,"Q1","E1",1,4.58584515574628,4.48076577172,0.108474184784186,"Q1_1"
"640","ARTR",1940,"Q8","P1E1",104,5.6537199516815,5.43939176379912,0.0510259220113569,"Q8_104"
"641","ARTR",1940,"Q21","P7E1",54,5.6653991880967,6.02102396051439,0.0994695271188163,"Q21_54"
"642","ARTR",1940,"Q24","P10E1",67,4.52978258994175,4.71566877660235,0,"Q24_67"
"643","ARTR",1940,"Q1","E1",4,5.76399628488542,6.00409669056611,0.0930368726432906,"Q1_4"
"644","ARTR",1940,"Q5","E1",90,4.60830415198247,4.39667119534507,0.246451810856374,"Q5_90"
"645","ARTR",1940,"Q10","P1E1",8,3.13095996608548,3.19981017860677,0.0311284238589978,"Q10_8"
"646","ARTR",1940,"Q12","P1",10,4.47774404927413,4.03366922129656,1.75e-05,"Q12_10"
"647","ARTR",1940,"Q23","P10E1",64,5.33810896863629,4.99825201547775,0.472522015973603,"Q23_64"
"648","ARTR",1940,"Q2","E1",46,3.17906391004565,3.75750899327036,0.0322564017907672,"Q2_46"
"649","ARTR",1940,"Q1","E1",2,6.71836016659745,6.84836996889533,0.0577099583939393,"Q1_2"
"650","ARTR",1940,"Q1","E1",5,5.24554384505944,5.16216442065356,0.102059880563928,"Q1_5"
"651","ARTR",1940,"Q2","E1",100,3.16491759743566,3.3553084234718,0.0258761886896171,"Q2_100"
"652","ARTR",1940,"Q22","P7E1",58,7.16950129622034,7.25673426979661,0.0776280559908533,"Q22_58"
"653","ARTR",1940,"Q3","E1",78,5.33799613006869,5.32122014223798,0.179852316467344,"Q3_78"
"654","ARTR",1940,"Q2","E1",48,3.65508855217842,3.07850467928645,0.142112570108601,"Q2_48"
"655","ARTR",1940,"Q3","E1",77,5.38386378788894,3.96836145310993,0.521765961647219,"Q3_77"
"656","ARTR",1940,"Q26","P10E1",75,6.15444026724852,6.17948323749842,0.0583591902812842,"Q26_75"
"657","ARTR",1940,"Q2","E1",44,4.11319273547909,3.63410805655306,0.140453110409835,"Q2_44"
"658","ARTR",1940,"Q22","P7E1",60,5.46899863858328,5.49933720414389,0.434792575494382,"Q22_60"
"659","ARTR",1940,"Q2","E1",82,3.0104331097982,0.922382742637404,0.155914230041541,"Q2_82"
"660","ARTR",1940,"Q25","P10E1",69,5.91908673352021,6.37064880006101,0.0104585741191953,"Q25_69"
"661","ARTR",1940,"Q22","P7E1",57,6.70509959378631,6.58460016401987,0.110106863181697,"Q22_57"
"662","ARTR",1940,"Q25","P10E1",76,4.14508166352962,4.5152121715597,0.0316025029358681,"Q25_76"
"663","ARTR",1940,"Q2","E1",49,5.34688058449093,5.33909964011943,0.0150657062048737,"Q2_49"
"664","ARTR",1941,"Q24","P10E1",67,4.71566877660235,4.45390806841173,0.00500164862570132,"Q24_67"
"665","ARTR",1941,"Q11","P1",9,4.01827260948972,4.0347673935517,3.51860762748402e-16,"Q11_9"
"666","ARTR",1941,"Q20","P7E1",49,7.5093476785423,7.14567096546501,0.0353627051305869,"Q20_49"
"667","ARTR",1941,"Q20","P7E1",48,6.21954709766055,6.08758089369071,0.168376299382998,"Q20_48"
"668","ARTR",1941,"Q4","E1",85,3.32827955331394,3.10477324402128,0,"Q4_85"
"669","ARTR",1941,"Q1","E1",5,5.16216442065356,4.52205833066226,0.113580151306761,"Q1_5"
"670","ARTR",1941,"Q3","E1",77,3.96836145310993,1.32879930365125,0.721711397889877,"Q3_77"
"671","ARTR",1941,"Q21","P7E1",55,7.28348773072367,7.13885711100774,0.0291025176222756,"Q21_55"
"672","ARTR",1941,"Q8","P1E1",103,6.79564127958141,6.65992838977517,0.0173353130352984,"Q8_103"
"673","ARTR",1941,"Q24","P10E1",66,4.26552263089488,3.00481887010993,0.00783534342271133,"Q24_66"
"674","ARTR",1941,"Q1","E1",1,4.48076577172,4.50237207046605,0.119616920536742,"Q1_1"
"675","ARTR",1941,"Q10","P1E1",19,3.2881294369727,3.70547210135387,1.18781302502365,"Q10_19"
"677","ARTR",1941,"Q23","P10E1",64,4.99825201547775,4.85567361027192,0.588130838940728,"Q23_64"
"678","ARTR",1941,"Q23","P10E1",67,5.40566525247668,5.36909399858778,0.670816636027426,"Q23_67"
"679","ARTR",1941,"Q7","P1E1",125,4.064763122651,4.36494437791717,0.450444882012376,"Q7_125"
"680","ARTR",1941,"Q23","P10E1",62,6.0722548122139,6.46921788278142,0.0513346241519066,"Q23_62"
"681","ARTR",1941,"Q8","P1E1",121,2.86315035175364,2.55781150193539,0.0783392116628329,"Q8_121"
"682","ARTR",1941,"Q22","P7E1",60,5.49933720414389,5.49819068723686,0.388220099773375,"Q22_60"
"683","ARTR",1941,"Q1","E1",7,5.23026767780294,4.50161672473465,0.740448420834254,"Q1_7"
"684","ARTR",1941,"Q7","P1E1",109,4.81900223228445,3.57450383284068,0.255805332496834,"Q7_109"
"685","ARTR",1941,"Q1","E1",4,6.00409669056611,5.86968704606157,0.0974421358296511,"Q1_4"
"686","ARTR",1941,"Q19","P7E1",49,5.66336493444439,5.627621321964,0.0220353345373963,"Q19_49"
"687","ARTR",1941,"Q3","E1",83,5.07619771836606,4.18548346067985,0.0804703531554297,"Q3_83"
"688","ARTR",1941,"Q22","P7E1",61,4.43952083677647,4.25472229692255,0.173228254188505,"Q22_61"
"689","ARTR",1941,"Q5","E1",90,4.39667119534507,4.5424616395583,0.0911113512548068,"Q5_90"
"690","ARTR",1941,"Q5","E1",91,4.41271901856211,4.29900887461532,0.0329419652705395,"Q5_91"
"691","ARTR",1941,"Q10","P1E1",6,6.24181614193015,5.71811864919832,0.0513048696939538,"Q10_6"
"692","ARTR",1941,"Q19","P7E1",52,1.68502548783487,2.45841717276156,1.40320377092238,"Q19_52"
"693","ARTR",1941,"Q14","P1",18,3.06237548047327,3.29596837254215,0.203736727120383,"Q14_18"
"694","ARTR",1941,"Q25","P10E1",68,3.3474681779427,2.4153660184866,0.0488158691577788,"Q25_68"
"695","ARTR",1941,"Q22","P7E1",58,7.25673426979661,6.73670853469647,0.0796554336173902,"Q22_58"
"696","ARTR",1941,"Q26","P10E1",92,5.35399421062755,4.75219851196312,0.0965182546603538,"Q26_92"
"697","ARTR",1941,"Q21","P7E1",54,6.02102396051439,5.83219304342236,0.103134026190155,"Q21_54"
"698","ARTR",1941,"Q2","E1",46,3.75750899327036,3.17046679645731,0.0209362109566473,"Q2_46"
"699","ARTR",1941,"Q1","E1",2,6.84836996889533,6.86323341107216,0.0599005029665896,"Q1_2"
"700","ARTR",1941,"Q3","E1",82,2.53251136794308,2.94172427716878,0.221470689524911,"Q3_82"
"701","ARTR",1941,"Q22","P7E1",57,6.58460016401987,5.95006303339683,0.123914166001738,"Q22_57"
"702","ARTR",1941,"Q6","E1",95,5.29026649507916,5.32302590632864,0.000752261390042464,"Q6_95"
"703","ARTR",1941,"Q5","E1",89,5.8942259739979,5.97169665187864,0.0134372874313927,"Q5_89"
"704","ARTR",1941,"Q8","P1E1",104,5.43939176379912,3.98626589258043,0.0634322359098678,"Q8_104"
"705","ARTR",1941,"Q3","E1",80,6.4663218077798,6.43877879180533,0.0508923743208993,"Q3_80"
"706","ARTR",1941,"Q14","P1",15,4.96085577197361,4.88934468860279,0.0076064766313321,"Q14_15"
"707","ARTR",1941,"Q7","P1E1",102,7.42058313055158,6.97245561858889,0.0126591438765154,"Q7_102"
"708","ARTR",1941,"Q3","E1",91,4.13293567305076,3.88752405716363,0.0873165759603043,"Q3_91"
"709","ARTR",1941,"Q25","P10E1",76,4.5152121715597,4.52071779353015,0.0606832304432009,"Q25_76"
"710","ARTR",1941,"Q2","E1",49,5.33909964011943,5.63274030514885,0.0093523670748591,"Q2_49"
"711","ARTR",1941,"Q2","E1",44,3.63410805655306,4.26680103143513,0.0534213030203615,"Q2_44"
"712","ARTR",1941,"Q3","E1",78,5.32122014223798,5.15690874125944,0.317785798186619,"Q3_78"
"713","ARTR",1941,"Q14","P1",33,4.22941499812005,2.39009920042688,0.0313997192085488,"Q14_33"
"714","ARTR",1941,"Q3","E1",81,5.1589725480896,5.04907712836109,0.0905371626980842,"Q3_81"
"715","ARTR",1941,"Q10","P1E1",8,3.19981017860677,3.26248784020217,0.0389540314301132,"Q10_8"
"716","ARTR",1941,"Q26","P10E1",73,5.10170342000822,4.81402707359702,0.558252913244766,"Q26_73"
"717","ARTR",1941,"Q25","P10E1",69,6.37064880006101,5.52973988048013,0.0088954331872921,"Q25_69"
"718","ARTR",1941,"Q26","P10E1",75,6.17948323749842,5.90471405735704,0.0790111606428133,"Q26_75"
"719","ARTR",1941,"Q26","P10E1",71,6.59549117866527,6.0207560196881,0.108880592167026,"Q26_71"
"720","ARTR",1945,"Q11","P1",9,5.15310840199651,5.00255083608585,3.47029072145233e-16,"Q11_9"
"721","ARTR",1945,"Q1","E1",4,5.78264634808529,4.88618453222747,0.18377320696453,"Q1_4"
"722","ARTR",1945,"Q22","P7E1",61,4.76734340983655,3.10008851274498,0.186246433263238,"Q22_61"
"723","ARTR",1945,"Q26","P10E1",92,4.6512879882915,4.97677932207146,0.161315042166106,"Q26_92"
"724","ARTR",1945,"Q1","E1",5,5.18982936651649,4.71053758292224,0.126045599682078,"Q1_5"
"725","ARTR",1945,"Q4","E1",85,3.15531894485662,0.974587460365858,1.75000415931855e-05,"Q4_85"
"726","ARTR",1945,"Q1","E1",2,6.93983344767164,6.57070032983695,0.0665088171659222,"Q1_2"
"728","ARTR",1945,"Q2","E1",49,6.32701334785064,5.77033350776985,0.0118985966045246,"Q2_49"
"729","ARTR",1945,"Q24","P10E1",67,5.58589036217616,5.84186915049769,0.00817435423894922,"Q24_67"
"730","ARTR",1945,"Q22","P7E1",58,7.32542526167742,7.3862277641447,0.0822941749036168,"Q22_58"
"731","ARTR",1945,"Q5","E1",89,6.95119184101994,6.86948929591301,0.0124759884790814,"Q5_89"
"732","ARTR",1945,"Q26","P10E1",75,6.45078632690136,6.41202911132647,0.613343062972948,"Q26_75"
"733","ARTR",1945,"Q21","P7E1",55,7.48934681530837,7.22008061451394,0.0386743302906152,"Q21_55"
"734","ARTR",1945,"Q1","E1",1,5.45941568057432,4.58438111117851,0.128034259789331,"Q1_1"
"735","ARTR",1945,"Q1","E1",7,5.33621994018316,5.19102191288225,0.900369755185995,"Q1_7"
"736","ARTR",1945,"Q23","P10E1",62,6.53540139491303,6.83648857912717,0.0972428623686471,"Q23_62"
"737","ARTR",1945,"Q20","P7E1",49,7.25662597182031,6.79174860623354,0.0272864940907986,"Q20_49"
"738","ARTR",1945,"Q12","P1",24,4.32063374444765,4.16132753029463,0,"Q12_24"
"739","ARTR",1945,"Q2","E1",44,4.41398201101581,3.72875413006962,0.0447980748193745,"Q2_44"
"740","ARTR",1945,"Q26","P10E1",71,7.17583960879244,7.32309840575805,0.077123408701129,"Q26_71"
"741","ARTR",1945,"Q21","P7E1",54,6.31443611668089,6.08775055745296,0.125221826826983,"Q21_54"
"742","ARTR",1945,"Q2","E1",46,3.14801966181691,2.87145773064466,0.0494321219441049,"Q2_46"
"743","ARTR",1945,"Q19","P7E1",68,3.3003004803503,3.37034634071971,0.311695245870106,"Q19_68"
"744","ARTR",1945,"Q3","E1",80,7.17503332640437,6.74841151624415,0.0140289995106896,"Q3_80"
"745","ARTR",1945,"Q5","E1",90,4.65400855661462,2.99733707017879,0.614466476345693,"Q5_90"
"746","ARTR",1945,"Q5","E1",91,4.28321883950043,0.968269765049111,0.290362906099915,"Q5_91"
"747","ARTR",1945,"Q20","P7E1",48,5.96372601281058,5.26694974864535,0.101535039179371,"Q20_48"
"748","ARTR",1945,"Q6","E1",95,6.5337315557695,6.30261090611528,1.74999999589841e-05,"Q6_95"
"749","ARTR",1945,"Q8","P1E1",103,7.28873443882672,6.83689064859693,0.0229456099348642,"Q8_103"
"751","ARTR",1945,"Q22","P7E1",57,6.63570983134419,6.563513212237,0.13514512426366,"Q22_57"
"752","ARTR",1945,"Q3","E1",81,3.9690417469477,4.13245641001008,0.111638619998728,"Q3_81"
"753","ARTR",1945,"Q3","E1",78,4.89709512050718,4.53136930441569,0.252641606735304,"Q3_78"
"754","ARTR",1945,"Q24","P10E1",66,4.75811862226725,4.36404347725554,0.0186821306672898,"Q24_66"
"755","ARTR",1945,"Q19","P7E1",49,6.78004775989341,6.41182849343758,0.00198595517692847,"Q19_49"
"756","ARTR",1945,"Q14","P1",18,4.99867480307087,5.08101781947792,0.0352258586409679,"Q14_18"
"757","ARTR",1945,"Q25","P10E1",76,4.29687724429259,2.01117381341833,0.0567959667938402,"Q25_76"
"758","ARTR",1945,"Q25","P10E1",69,6.53363485921876,5.7024043291164,0.0122862823075855,"Q25_69"
"759","ARTR",1945,"Q25","P10E1",68,3.91984652354437,0.206625857415625,0.056411377567956,"Q25_68"
"760","ARTR",1945,"Q14","P1",15,5.64515989603819,5.44061184456332,0.0125570324219225,"Q14_15"
"761","ARTR",1946,"Q2","E1",49,5.77033350776985,5.53313804051628,0.00913318815676928,"Q2_49"
"762","ARTR",1946,"Q2","E1",44,3.72875413006962,3.80377282738124,0.158625873271437,"Q2_44"
"763","ARTR",1946,"Q24","P10E1",67,5.84186915049769,5.19018342516477,0.00550019441746326,"Q24_67"
"764","ARTR",1946,"Q20","P7E1",48,5.26694974864535,3.6412900203791,0.0627975094504061,"Q20_48"
"765","ARTR",1946,"Q8","P1E1",188,3.88231118517794,4.1777683456118,0.0652170814956692,"Q8_188"
"766","ARTR",1946,"Q1","E1",5,4.71053758292224,4.72908917942661,0.0787583804621271,"Q1_5"
"767","ARTR",1946,"Q21","P7E1",55,7.22008061451394,5.21029000452945,0.0308475702466791,"Q21_55"
"768","ARTR",1946,"Q1","E1",4,4.88618453222747,4.78703985236161,0.0772649026397363,"Q1_4"
"769","ARTR",1946,"Q4","E1",85,0.974587460365858,0.652787016358816,1.750319662119e-05,"Q4_85"
"770","ARTR",1946,"Q21","P7E1",54,6.08775055745296,4.78344360930158,0.0956794457113161,"Q21_54"
"771","ARTR",1946,"Q1","E1",7,5.19102191288225,5.16965102833132,0.464040065515951,"Q1_7"
"772","ARTR",1946,"Q22","P7E1",58,7.3862277641447,7.59007326843936,0.0511670079843732,"Q22_58"
"773","ARTR",1946,"Q19","P7E1",68,3.37034634071971,0.607879070469957,0.0751018795106802,"Q19_68"
"774","ARTR",1946,"Q23","P10E1",62,6.83648857912717,6.55452287213568,7.00000026055864e-05,"Q23_62"
"775","ARTR",1946,"Q5","E1",90,2.99733707017879,1.73634809366294,1.35879223479728,"Q5_90"
"776","ARTR",1946,"Q19","P7E1",49,6.41182849343758,6.38948306606421,0.00621895361343964,"Q19_49"
"777","ARTR",1946,"Q12","P1",24,4.16132753029463,3.38954116110617,0.0026312841394569,"Q12_24"
"778","ARTR",1946,"Q26","P10E1",71,7.32309840575805,7.22995087404218,0.0528244518423968,"Q26_71"
"779","ARTR",1946,"Q22","P7E1",57,6.563513212237,6.59849331663822,0.112153066047691,"Q22_57"
"780","ARTR",1946,"Q20","P7E1",49,6.79174860623354,6.02612302629174,0.0148668016474344,"Q20_49"
"781","ARTR",1946,"Q11","P1",9,5.00255083608585,5.01464391682161,0,"Q11_9"
"782","ARTR",1946,"Q3","E1",80,6.74841151624415,6.80918424586982,0.0117083320593092,"Q3_80"
"783","ARTR",1946,"Q14","P1",18,5.08101781947792,4.20682672400176,0.059530726704756,"Q14_18"
"784","ARTR",1946,"Q1","E1",2,6.57070032983695,6.08463756389637,0.0371986874570859,"Q1_2"
"785","ARTR",1946,"Q8","P1E1",103,6.83689064859693,6.51671914607581,0.0034150383268376,"Q8_103"
"786","ARTR",1946,"Q3","E1",81,4.13245641001008,3.28899968305518,0.067034395568248,"Q3_81"
"787","ARTR",1946,"Q25","P10E1",151,3.37191697945706,0.709673935786601,0.0278226910923701,"Q25_151"
"788","ARTR",1946,"Q25","P10E1",69,5.7024043291164,5.40568170760607,0.00271851502619884,"Q25_69"
"789","ARTR",1946,"Q26","P10E1",75,6.41202911132647,6.33485939669949,0.217760989923315,"Q26_75"
"790","ARTR",1946,"Q6","E1",95,6.30261090611528,6.19497453339818,1.75000016718786e-05,"Q6_95"
"791","ARTR",1946,"Q5","E1",89,6.86948929591301,6.85568928203158,0.00163908541446558,"Q5_89"
"792","ARTR",1946,"Q14","P1",15,5.44061184456332,5.20334910718226,0.0139827312670497,"Q14_15"
"793","ARTR",1949,"Q19","P7E1",49,5.98939933402274,6.35933625238158,0.00150066429579333,"Q19_49"
"794","ARTR",1949,"Q26","P10E1",75,4.28562528404665,3.32874733065374,0.421091413045635,"Q26_75"
"795","ARTR",1949,"Q22","P7E1",58,7.32151742990345,7.46659105993405,0.0307433855393923,"Q22_58"
"796","ARTR",1949,"Q6","E1",95,6.26462229258973,6.19511839216512,0.00654508412263739,"Q6_95"
"797","ARTR",1949,"Q2","E1",49,5.16884618353408,4.77590305255081,0.00656349136063327,"Q2_49"
"798","ARTR",1949,"Q1","E1",4,3.39894892644686,3.52600272325995,0.0640908157037815,"Q1_4"
"799","ARTR",1949,"Q1","E1",5,4.46431477674088,3.86167737134238,0.0601057949780846,"Q1_5"
"800","ARTR",1949,"Q2","E1",106,0.728374094005569,2.64641550458203,0.0545168176935567,"Q2_106"
"801","ARTR",1949,"Q26","P10E1",123,0.0798964554407384,2.67575123494493,0.375007466610286,"Q26_123"
"802","ARTR",1949,"Q2","E1",44,4.32110632789696,3.92045076766275,0.0792766760476555,"Q2_44"
"803","ARTR",1949,"Q3","E1",91,3.99321708146882,3.6782518074567,0.0360298386556848,"Q3_91"
"804","ARTR",1949,"Q23","P10E1",62,6.54660640033452,6.73840337272056,0.00592466347230995,"Q23_62"
"805","ARTR",1949,"Q26","P10E1",71,7.18729443469336,7.40433193404966,0.00516117931466555,"Q26_71"
"806","ARTR",1949,"Q1","E1",2,6.25618214243432,5.78987537035989,0.0305225831906264,"Q1_2"
"807","ARTR",1949,"Q22","P7E1",57,6.08493490365679,5.88796153743946,0.10405297102982,"Q22_57"
"808","ARTR",1949,"Q25","P10E1",151,3.43417650914653,3.71012799366323,0.0300352349040251,"Q25_151"
"809","ARTR",1949,"Q5","E1",89,5.65002035346779,6.04560914093756,0.0022548893836549,"Q5_89"
"810","ARTR",1949,"Q6","E1",206,4.53797428797676,3.89945753229728,0.0826807663279194,"Q6_206"
"811","ARTR",1949,"Q20","P7E1",49,5.36007001355183,5.35150249631102,6.65855980327646e-05,"Q20_49"
"812","ARTR",1949,"Q2","E1",105,2.7985362805928,2.91170898378182,0.293230526247518,"Q2_105"
"813","ARTR",1949,"Q21","P7E1",55,5.39880276767242,4.54455406414803,0.00318485196096982,"Q21_55"
"814","ARTR",1949,"Q23","P10E1",116,4.43838392365732,4.75977667820281,0.423005250025207,"Q23_116"
"815","ARTR",1949,"Q4","E1",85,3.53956180883726,3.19248648381787,0.000146665870878811,"Q4_85"
"816","ARTR",1949,"Q8","P1E1",188,5.04379788936645,5.69562428695474,0.0578611856243925,"Q8_188"
"817","ARTR",1949,"Q12","P1",27,4.29576418416879,4.55602843589457,0.0174212008120367,"Q12_27"
"818","ARTR",1949,"Q3","E1",80,6.23897719878569,6.0061396993823,0.00396257077173621,"Q3_80"
"819","ARTR",1949,"Q8","P1E1",103,6.70229258513598,6.27215726702977,0.0117759427797433,"Q8_103"
"820","ARTR",1949,"Q11","P1",9,4.43427600032961,4.44924097405983,7.89410528909685e-10,"Q11_9"
"821","ARTR",1949,"Q1","E1",7,5.72399625957236,5.20732574871693,0.0760188740167938,"Q1_7"
"822","ARTR",1949,"Q12","P1",25,5.51694793847279,5.47233585726126,0.0051371795672958,"Q12_25"
"823","ARTR",1949,"Q14","P1",18,3.68449168140313,3.1707108612002,0.0078818612401462,"Q14_18"
"824","ARTR",1949,"Q5","E1",127,3.47236095329614,2.94267429407784,0.0199008076582937,"Q5_127"
"825","ARTR",1949,"Q24","P10E1",67,5.24837030032542,5.76634026450257,0,"Q24_67"
"826","ARTR",1949,"Q14","P1",15,4.80234536041061,4.32248591091516,0.00263003611884597,"Q14_15"
"827","ARTR",1949,"Q19","P7E1",68,3.16391724805858,4.20702784793454,0.0279361087147655,"Q19_68"
"828","ARTR",1949,"Q25","P10E1",69,6.04543632942937,6.52302556183437,0.00217041083097433,"Q25_69"
"829","ARTR",1950,"Q2","E1",105,2.91170898378182,3.33314508626622,0.694249518803912,"Q2_105"
"830","ARTR",1950,"Q26","P10E1",71,7.40433193404966,7.39731657047354,0.00296986355608868,"Q26_71"
"831","ARTR",1950,"Q26","P10E1",123,2.67575123494493,2.32293742113781,0.780825166283992,"Q26_123"
"832","ARTR",1950,"Q1","E1",4,3.52600272325995,3.24518162532715,0.219735122510583,"Q1_4"
"833","ARTR",1950,"Q22","P7E1",57,5.88796153743946,5.50970826844029,0.12200089949403,"Q22_57"
"834","ARTR",1950,"Q1","E1",2,5.78987537035989,4.65181829378247,0.0238461796414553,"Q1_2"
"835","ARTR",1950,"Q2","E1",44,3.92045076766275,4.61369710228706,0.239113981537344,"Q2_44"
"836","ARTR",1950,"Q3","E1",100,1.82249344039676,2.20523865311864,0.0352556281461202,"Q3_100"
"837","ARTR",1950,"Q3","E1",102,3.75200021656583,4.10162543654482,0.0385749427742969,"Q3_102"
"838","ARTR",1950,"Q3","E1",91,3.6782518074567,3.87162101873392,0.0318294784927648,"Q3_91"
"839","ARTR",1950,"Q1","E1",27,2.69455014942485,2.77155633889043,0.0820961230916597,"Q1_27"
"840","ARTR",1950,"Q24","P10E1",67,5.76634026450257,5.30282782959863,2.9769703871807e-10,"Q24_67"
"841","ARTR",1950,"Q5","E1",89,6.04560914093756,4.67858914840054,0.00132670423879814,"Q5_89"
"842","ARTR",1950,"Q4","E1",85,3.19248648381787,3.19856635838274,0.000108683996675301,"Q4_85"
"843","ARTR",1950,"Q20","P7E1",71,3.01434600076101,1.636512773022,0.016553106224317,"Q20_71"
"844","ARTR",1950,"Q23","P10E1",62,6.73840337272056,6.96074624645691,0.00746816655166398,"Q23_62"
"845","ARTR",1950,"Q6","E1",206,3.89945753229728,3.43295664073347,0.141464793073507,"Q6_206"
"846","ARTR",1950,"Q25","P10E1",69,6.52302556183437,6.52864070143169,0.0411238763544423,"Q25_69"
"847","ARTR",1950,"Q1","E1",23,1.2829017256928,1.43932319774486,0.129730247702186,"Q1_23"
"848","ARTR",1950,"Q2","E1",49,4.77590305255081,5.10904938028019,0.0062468509194756,"Q2_49"
"849","ARTR",1950,"Q22","P7E1",58,7.46659105993405,7.32763822343331,0.0272036116553291,"Q22_58"
"850","ARTR",1950,"Q5","E1",127,2.94267429407784,1.71671148193697,0.0295572161661974,"Q5_127"
"851","ARTR",1950,"Q8","P1E1",188,5.69562428695474,5.83868569805712,0.0389695792712116,"Q8_188"
"852","ARTR",1950,"Q3","E1",80,6.0061396993823,5.79589314664135,0.0061859441246918,"Q3_80"
"853","ARTR",1950,"Q1","E1",26,4.06243773372818,3.42464436023591,0.1296994297756,"Q1_26"
"854","ARTR",1950,"Q21","P7E1",55,4.54455406414803,4.44477200951483,0.000912803279079296,"Q21_55"
"855","ARTR",1950,"Q1","E1",7,5.20732574871693,4.80674847518969,0.0336160585964599,"Q1_7"
"856","ARTR",1950,"Q20","P7E1",49,5.35150249631102,4.43165539985727,0.00321466139237446,"Q20_49"
"857","ARTR",1950,"Q2","E1",106,2.64641550458203,3.06617694633393,0.0197464487667757,"Q2_106"
"858","ARTR",1950,"Q8","P1E1",103,6.27215726702977,6.79495319574792,0.022725647022618,"Q8_103"
"859","ARTR",1950,"Q1","E1",5,3.86167737134238,3.49172435012861,0.0430702617849185,"Q1_5"
"860","ARTR",1950,"Q19","P7E1",68,4.20702784793454,4.48763925603789,0.0404678871845367,"Q19_68"
"861","ARTR",1950,"Q19","P7E1",49,6.35933625238158,6.21639175975213,0.0047184650470423,"Q19_49"
"862","ARTR",1950,"Q6","E1",95,6.19511839216512,6.12928128967768,0.0102208677339158,"Q6_95"
"863","ARTR",1950,"Q12","P1",25,5.47233585726126,5.65427010435869,0.00666432317164852,"Q12_25"
"864","ARTR",1951,"Q22","P7E1",58,7.32763822343331,7.4056888797903,0.0211020756413339,"Q22_58"
"865","ARTR",1951,"Q3","E1",100,2.20523865311864,3.43237386407369,0.0363869323496608,"Q3_100"
"866","ARTR",1951,"Q20","P7E1",71,1.636512773022,1.58109409438824,0.256390996435501,"Q20_71"
"867","ARTR",1951,"Q1","E1",4,3.24518162532715,3.86448133814203,0.12396352646853,"Q1_4"
"868","ARTR",1951,"Q25","P10E1",69,6.52864070143169,6.72858898658188,1.74999935525875e-05,"Q25_69"
"869","ARTR",1951,"Q2","E1",106,3.06617694633393,3.90792182969188,0.0352077055841556,"Q2_106"
"870","ARTR",1951,"Q4","E1",85,3.19856635838274,3.47575070744075,8.18609180441854e-09,"Q4_85"
"871","ARTR",1951,"Q2","E1",44,4.61369710228706,4.79997313512167,0.127155323565604,"Q2_44"
"872","ARTR",1951,"Q26","P10E1",123,2.32293742113781,2.67952319512911,0.748929398771261,"Q26_123"
"873","ARTR",1951,"Q3","E1",91,3.87162101873392,4.6092284112414,0.0278919698980941,"Q3_91"
"874","ARTR",1951,"Q3","E1",80,5.79589314664135,6.23453175408042,0.00822717194235383,"Q3_80"
"875","ARTR",1951,"Q24","P10E1",67,5.30282782959863,5.38417557919083,0.00253947489951859,"Q24_67"
"876","ARTR",1951,"Q1","E1",5,3.49172435012861,4.06054017013662,0.0212581563580473,"Q1_5"
"877","ARTR",1951,"Q1","E1",23,1.43932319774486,2.4770575821259,0.078065977862501,"Q1_23"
"878","ARTR",1951,"Q1","E1",7,4.80674847518969,5.55320761423732,0.0149938094894953,"Q1_7"
"879","ARTR",1951,"Q24","P10E1",76,3.59121736521339,3.59363692604618,0.0140632891022745,"Q24_76"
"880","ARTR",1951,"Q20","P7E1",49,4.43165539985727,3.54026153774252,0.000865664833293865,"Q20_49"
"881","ARTR",1951,"Q2","E1",49,5.10904938028019,5.25031669604645,0.0105239672971312,"Q2_49"
"882","ARTR",1951,"Q22","P7E1",57,5.50970826844029,5.85326419928413,0.107921529112822,"Q22_57"
"883","ARTR",1951,"Q23","P10E1",62,6.96074624645691,7.02925955732964,0,"Q23_62"
"884","ARTR",1951,"Q21","P7E1",55,4.44477200951483,5.0473628615584,0,"Q21_55"
"885","ARTR",1951,"Q26","P10E1",71,7.39731657047354,7.61805133148737,0.000714392600007856,"Q26_71"
"886","ARTR",1951,"Q5","E1",89,4.67858914840054,5.01898684857741,0.000389633564044752,"Q5_89"
"887","ARTR",1951,"Q19","P7E1",68,4.48763925603789,4.63707301554884,0.0350624838536663,"Q19_68"
"888","ARTR",1951,"Q8","P1E1",188,5.83868569805712,5.85770513791823,0.0625329213315457,"Q8_188"
"889","ARTR",1951,"Q8","P1E1",103,6.79495319574792,6.27555864603669,0.0240329465346493,"Q8_103"
"890","ARTR",1951,"Q3","E1",102,4.10162543654482,4.84301552801097,0.0270226901545446,"Q3_102"
"891","ARTR",1951,"Q1","E1",2,4.65181829378247,5.34801759648197,0.0162228607878606,"Q1_2"
"892","ARTR",1951,"Q19","P7E1",49,6.21639175975213,6.49728621016939,0.00622379107366104,"Q19_49"
"893","ARTR",1951,"Q12","P1",25,5.65427010435869,6.09636637936166,3.29853215248477e-10,"Q12_25"
"894","ARTR",1951,"Q6","E1",95,6.12928128967768,6.52455531075456,0.00216776482583009,"Q6_95"
"895","ARTR",1954,"Q8","P1E1",188,6.17019604944458,6.74460415792868,0.0279904190592714,"Q8_188"
"896","ARTR",1954,"Q8","P1E1",103,5.8480558599345,6.19206491534723,0.037210811989036,"Q8_103"
"897","ARTR",1954,"Q20","P7E1",49,3.67676641229394,3.35872655564938,0.00349442918872112,"Q20_49"
"898","ARTR",1954,"Q4","E1",108,4.03063188362713,5.04759544127398,0.00439144535589994,"Q4_108"
"899","ARTR",1954,"Q25","P10E1",69,6.44630503715987,6.7047519884007,1.75000022878362e-05,"Q25_69"
"900","ARTR",1954,"Q19","P7E1",68,4.76344680384331,5.30510516225054,0.0602410100623239,"Q19_68"
"901","ARTR",1954,"Q20","P7E1",71,2.82095857964032,2.47429907621481,0.00508521143735353,"Q20_71"
"902","ARTR",1954,"Q24","P10E1",67,5.66499506036208,5.51979531191046,1.74999999999523e-05,"Q24_67"
"903","ARTR",1954,"Q1","E1",23,3.93530918281789,3.760606247761,0.142434582070685,"Q1_23"
"904","ARTR",1954,"Q21","P7E1",55,5.06790933643616,4.82909099915603,3.33768786049403e-10,"Q21_55"
"905","ARTR",1954,"Q8","P1E1",189,3.97599571158511,4.89186745693201,0.062029420279808,"Q8_189"
"906","ARTR",1954,"Q22","P7E1",58,7.29815775779317,7.26116795059219,0.0401764451843037,"Q22_58"
"907","ARTR",1954,"Q4","E1",85,4.13492546688253,4.28106286373589,0.00495825298571642,"Q4_85"
"908","ARTR",1954,"Q22","P7E1",57,6.22817075320765,6.37274098029036,0.105234368657177,"Q22_57"
"909","ARTR",1954,"Q1","E1",4,4.24249164547415,3.81690845788658,0.120848518162643,"Q1_4"
"910","ARTR",1954,"Q1","E1",7,4.51708140852004,5.34959791380434,0.0241000905547471,"Q1_7"
"911","ARTR",1954,"Q3","E1",80,6.27126098053584,6.43251691913026,0.0163616211877108,"Q3_80"
"912","ARTR",1954,"Q23","P10E1",62,6.90977867553396,6.56068178495983,5.28684608980256e-12,"Q23_62"
"913","ARTR",1954,"Q12","P1",25,5.82437301417546,6.06850024633676,5.24999953568152e-05,"Q12_25"
"914","ARTR",1954,"Q2","E1",49,5.03290388559147,4.99558156041409,5.78381786908721e-16,"Q2_49"
"915","ARTR",1954,"Q26","P10E1",123,2.9281878776981,2.78985300382236,1.3579885242409,"Q26_123"
"916","ARTR",1954,"Q3","E1",91,4.29563148795719,4.25198174014526,0.0517969030886635,"Q3_91"
"917","ARTR",1954,"Q1","E1",2,5.40953681916547,5.45267625926891,0.0148628855350582,"Q1_2"
"918","ARTR",1954,"Q6","E1",95,6.66360932644576,6.93036883622418,0.0154678400800374,"Q6_95"
"919","ARTR",1954,"Q20","P7E1",87,3.50036304830394,4.04189384687775,0.00394179389528444,"Q20_87"
"920","ARTR",1954,"Q26","P10E1",164,5.3741027692068,5.66799319579246,0.163018304397849,"Q26_164"
"921","ARTR",1954,"Q3","E1",100,3.7375119268031,4.48811899142068,0.0541638972359397,"Q3_100"
"922","ARTR",1954,"Q26","P10E1",71,7.74512194923156,7.74823734595954,0.0165157955169792,"Q26_71"
"923","ARTR",1954,"Q3","E1",112,3.61608415783183,3.54395399957506,0.0507982998429069,"Q3_112"
"924","ARTR",1954,"Q19","P7E1",49,6.51664800183847,6.74571038228953,0.0220638837072142,"Q19_49"
"925","ARTR",1954,"Q19","P7E1",117,5.21372990096471,5.15711103046334,0.0565769634086123,"Q19_117"
"926","ARTR",1954,"Q3","E1",102,4.39350902004483,4.50917444275885,0.0477370437765884,"Q3_102"
"927","ARTR",1954,"Q5","E1",89,4.92449504229415,4.63727741105552,0.0048136824498343,"Q5_89"
"928","ARTR",1954,"Q5","E1",127,4.23072241152975,4.74320928773395,0.00963338822386097,"Q5_127"
"929","ARTR",1954,"Q6","E1",207,4.85787554536457,3.4064976324835,0.0612914433313748,"Q6_207"
"930","ARTR",1955,"Q24","P10E1",67,5.51979531191046,3.70374983072713,0.00552455408383463,"Q24_67"
"931","ARTR",1955,"Q25","P10E1",69,6.7047519884007,5.57554826979306,7.00000001546414e-05,"Q25_69"
"932","ARTR",1955,"Q19","P7E1",117,5.15711103046334,4.36953772020095,0.0737285642106472,"Q19_117"
"933","ARTR",1955,"Q5","E1",89,4.63727741105552,4.38267826344273,0.0142261446444606,"Q5_89"
"934","ARTR",1955,"Q23","P10E1",62,6.56068178495983,6.18363891184809,1.34421497932635e-12,"Q23_62"
"935","ARTR",1955,"Q20","P7E1",71,2.47429907621481,2.03637317008344,0.00601556682874307,"Q20_71"
"936","ARTR",1955,"Q26","P10E1",71,7.74823734595954,7.7139442934433,0.0218511453249815,"Q26_71"
"937","ARTR",1955,"Q20","P7E1",87,4.04189384687775,3.56013680314157,0.00286131578941715,"Q20_87"
"938","ARTR",1955,"Q24","P10E1",76,4.35571090867859,4.30479016257513,0.0175408776168406,"Q24_76"
"939","ARTR",1955,"Q4","E1",85,4.28106286373589,4.28293784017587,0.011912842512931,"Q4_85"
"940","ARTR",1955,"Q6","E1",95,6.93036883622418,6.51244614330423,0.00212028736696947,"Q6_95"
"941","ARTR",1955,"Q20","P7E1",49,3.35872655564938,3.23492431183658,0.00483402129362433,"Q20_49"
"942","ARTR",1955,"Q1","E1",23,3.760606247761,4.00450142758869,0.126436321580746,"Q1_23"
"943","ARTR",1955,"Q1","E1",4,3.81690845788658,4.23207972365789,0.118918552608025,"Q1_4"
"944","ARTR",1955,"Q26","P10E1",123,2.78985300382236,2.27218665129193,1.55565051911675,"Q26_123"
"945","ARTR",1955,"Q26","P10E1",164,5.66799319579246,5.43166424196281,0.171250919536587,"Q26_164"
"946","ARTR",1955,"Q19","P7E1",49,6.74571038228953,5.53923571559917,0.0263566942033917,"Q19_49"
"948","ARTR",1955,"Q8","P1E1",188,6.74460415792868,6.42622802532812,0.0435439619220556,"Q8_188"
"949","ARTR",1955,"Q3","E1",102,4.50917444275885,4.66234770253447,0.0570877131758903,"Q3_102"
"950","ARTR",1955,"Q2","E1",49,4.99558156041409,4.97741746104551,0,"Q2_49"
"951","ARTR",1955,"Q8","P1E1",103,6.19206491534723,5.87273475122804,0.068786542863823,"Q8_103"
"952","ARTR",1955,"Q19","P7E1",68,5.30510516225054,4.72980499322089,0.071789553570318,"Q19_68"
"953","ARTR",1955,"Q3","E1",100,4.48811899142068,4.41121995702899,0.0572202107448042,"Q3_100"
"954","ARTR",1955,"Q22","P7E1",57,6.37274098029036,5.91810051358636,0.0961643780338094,"Q22_57"
"955","ARTR",1955,"Q22","P7E1",58,7.26116795059219,7.14972997252034,0.0410479140827563,"Q22_58"
"956","ARTR",1955,"Q1","E1",2,5.45267625926891,5.39299065676305,0.0209273079484962,"Q1_2"
"957","ARTR",1955,"Q8","P1E1",189,4.89186745693201,4.32306245836699,0.401121586768712,"Q8_189"
"958","ARTR",1955,"Q1","E1",7,5.34959791380434,5.47803148651454,0.0303658686896603,"Q1_7"
"959","ARTR",1955,"Q4","E1",108,5.04759544127398,4.77941661989358,0.00506220837608781,"Q4_108"
"960","ARTR",1955,"Q5","E1",127,4.74320928773395,4.82455918819562,0.00724589755855755,"Q5_127"
"961","ARTR",1955,"Q3","E1",112,3.54395399957506,3.42421428111047,0.0610247453306623,"Q3_112"
"962","ARTR",1955,"Q3","E1",80,6.43251691913026,6.36890021956044,0.0199254093900868,"Q3_80"
"963","ARTR",1955,"Q21","P7E1",55,4.82909099915603,3.77117690256333,3.50000371443724e-05,"Q21_55"
"964","ARTR",1956,"Q17","P2",62,4.43956916005993,3.99270458971501,1.10702233947109,"Q17_62"
"965","ARTR",1956,"Q17","P2",61,3.11935549629218,3.24034608324734,1.61363696186279,"Q17_61"
"966","ARTR",1956,"Q13","P1",48,4.5910926601626,5.3074042668315,0.0257276865372052,"Q13_48"
"967","ARTR",1956,"Q13","P1",43,3.01548311029338,3.83277355820699,0.948220006954285,"Q13_43"
"968","ARTR",1956,"Q13","P1",44,2.98966011626486,3.90715364732317,0.972651030516981,"Q13_44"
"969","ARTR",1956,"Q13","P1",46,3.92928012036086,4.29120661824342,0.844144046134343,"Q13_46"
"970","ARTR",1956,"Q13","P1",41,4.1767635297372,5.04235440843157,0.0676818773489203,"Q13_41"
"971","ARTR",1956,"Q13","P1",45,4.11896864839955,4.95723286054639,0.33949830681351,"Q13_45"
"972","ARTR",1956,"Q15","P2",54,4.36537501274189,4.02390150758482,0.0888224868754697,"Q15_54"
"973","ARTR",1956,"Q16","P2",89,5.4390003064139,5.362277068327,0.22850986420527,"Q16_89"
"974","ARTR",1956,"Q13","P1",47,4.83203603056504,5.25125282520974,0.220321450648602,"Q13_47"
"975","ARTR",1956,"Q15","P2",53,5.10235083911712,4.5250128155577,0.0828214533754694,"Q15_53"
"976","ARTR",1956,"Q16","P2",88,4.87917259301503,4.50533446870913,0.737908013844729,"Q16_88"
"977","ARTR",1956,"Q18","P2",73,6.10678023536468,6.83605119977652,0.465216483097045,"Q18_73"
"978","ARTR",1956,"Q17","P2",59,0.00451377158834798,2.28400896106483,0.661491914876987,"Q17_59"
"979","ARTR",1956,"Q15","P2",52,5.33787273331394,4.9549139274445,0.120611288417297,"Q15_52"
"980","ARTR",1956,"Q18","P2",71,5.94127915114269,5.84661968614897,0.0836999065883743,"Q18_71"
"981","ARTR",1956,"Q11","P1",31,2.72327302966073,3.82473013005793,0.0831564018426292,"Q11_31"
"982","ARTR",1956,"Q17","P2",63,4.89798769796868,5.37141276189743,0.584574649888695,"Q17_63"
"983","ARTR",1956,"Q17","P2",64,6.18941925114775,6.38279677725144,0.0648273904318398,"Q17_64"
"984","ARTR",1956,"Q16","P2",87,5.2919297596552,4.82880375322489,0.25208890665542,"Q16_87"
"985","ARTR",1956,"Q8","P1E1",103,5.87273475122804,4.81990788934515,0.0485280821945522,"Q8_103"
"986","ARTR",1956,"Q8","P1E1",188,6.42622802532812,6.22705330260791,0.0319550339129682,"Q8_188"
"987","ARTR",1956,"Q16","P2",86,6.82512210576475,7.00893748012892,0.135318461745829,"Q16_86"
"988","ARTR",1956,"Q18","P2",69,5.70865861195207,1.08783778494443,1.12661676315135,"Q18_69"
"989","ARTR",1956,"Q18","P2",70,4.36855250644792,3.96283208260146,0.232438931503212,"Q18_70"
"990","ARTR",1956,"Q14","P1",121,4.10724659456134,3.46617917672682,0.00482133862722772,"Q14_121"
"991","ARTR",1956,"Q18","P2",68,3.85036979000314,4.2761047236854,1.53696174327727,"Q18_68"
"992","ARTR",1956,"Q18","P2",75,4.24951658972478,4.00570549763107,0.157038005193506,"Q18_75"
"993","ARTR",1956,"Q11","P1",30,4.44882534925817,5.10796172474854,0.19686014364873,"Q11_30"
"994","ARTR",1956,"Q16","P2",83,4.45103928779851,5.22768905381294,0.392481289127351,"Q16_83"
"995","ARTR",1956,"Q16","P2",85,6.64822315700032,6.27708408718897,0.209758000640541,"Q16_85"
"996","ARTR",1956,"Q15","P2",50,4.00446361741266,3.06323670452942,0.140069816427521,"Q15_50"
"997","ARTR",1956,"Q15","P2",51,3.01761117527243,2.54160593046467,0.232765249783423,"Q15_51"
"998","ARTR",1956,"Q16","P2",82,2.93168565807766,4.1147740505162,0.4661211601726,"Q16_82"
"999","ARTR",1956,"Q17","P2",66,6.00227696764117,6.39738525191621,0.0969154117663507,"Q17_66"
"1000","ARTR",1956,"Q8","P1E1",189,4.32306245836699,2.66863249580058,0.0874737989959427,"Q8_189"
"1001","ARTR",1956,"Q18","P2",74,5.28678458342246,4.92146741170124,0.0964899245782494,"Q18_74"
"1002","ARTR",1956,"Q15","P2",47,6.16617922397977,4.42959540014427,0.249959475920001,"Q15_47"
"1003","ARTR",1956,"Q14","P1",122,3.6090283672258,3.94540580762992,0.00429300053332064,"Q14_122"
"1004","ARTR",1956,"Q15","P2",48,5.61367430755801,4.79362829225558,0.224494167291356,"Q15_48"
