plot,ibutton,start_date,end_date
7,,2015-11-04,2016-04-22
8,,2015-11-04,2016-04-22
7_8_C,,2015-11-04,2016-04-22
5,343FD021,2015-11-04,2016-04-22
6,344465021,2015-11-04,2016-04-22
5_6_C,,2015-11-04,2016-04-22
13,27C56E21,2015-11-04,2016-04-22
14,344A2D21,2015-11-04,2016-04-22
13_14_C,,2015-11-04,2016-04-22
13_14_C,,2015-11-04,2016-04-22
2,,2015-11-04,2016-04-22
1_2_C,,2015-11-04,2016-04-22
19,3445DB21,2015-11-04,2016-04-22
20,34125321,2015-11-04,2016-04-22
19_20_C,,2015-11-04,2016-04-22
11,,2015-11-04,2016-04-22
12,,2015-11-04,2016-04-22
11_12_C,,2015-11-04,2016-04-22
17,344B5921,2015-11-04,2016-04-22
18,34467E21,2015-11-04,2016-04-22
17_18_C,,2015-11-04,2016-04-22
