"V1","V2","V3","V4"
0.0751605003566902,0,0,0
0.088585460560285,0,0,0
0.0632362340822673,0,0,0
0.0529007231691489,0,0,0
0.0579294353973353,0,0,0
0.0631356491575321,0,0,0
0.0680508780184961,0,0,0
0.0482787136757441,0,0,0
0.0579144953274297,0,0,0
0.0581540862483003,0,0,0
0.0375586405232899,0,0,0
0.0510615736162834,0,0,0
0.0527665213042215,0,0,0
0.0484464073952802,0,0,0
0.032206355497521,0,0,0
0.0332004002837546,0,0,0
0.037499135525393,0,0,0
0.0452261973268764,0,0,0
0.0655798175888079,0,0,0
0.0749294853934003,0,0,0
0.0473395164990174,0,0,0
0.0267095458489219,0,0,0
0.0653567771618916,0,0,0
0.0735569854670139,0,0,0
0.0773481808166351,0,0,0
0.0389266850333944,0,0,0
0.0391021744662539,0,0,0
0.0360043706490907,0,0,0
0.0409519940235247,0,0,0
0.0471781390430919,0,0,0
0.0620045666259359,0,0,0
0.0435369417210363,0,0,0
0.024074279455269,0,0,0
0.0272239592701352,0,0,0
0.0409185638519851,0,0,0
0.0350936342678619,0,0,0
0.0413277875894803,0,0,0
0.0460461690679495,0,0,0
0.0374391847654781,0,0,0
0.0243021916155559,0,0,0
0.0336751718571986,0,0,0
0.0397342783949685,0,0,0
0.041039240876713,0,0,0
0.053641898066945,0,0,0
0.0418925304819148,0,0,0
0.0380180018140263,0,0,0
0.0488314285815003,0,0,0
0.0597974358978464,0,0,0
0.0691093814701649,0,0,0
0.0879683227738087,0,0,0
0.127902954987941,0,0,0
0.166538810690148,0,0,0
0.131233448991089,0,0,0
0.101642139730565,0,0,0
0.139032049087957,0,0,0
0.153104674090502,0,0,0
0.14458990250936,0,0,0
0.143751897567033,0,0,0
0.123330167166473,0,0,0
0.0980639844944259,0,0,0
0.0632315657099893,0,0,0
0.073398345090142,0,0,0
0.081972132403906,0,0,0
0.0660316287816839,0,0,0
0.083409312366898,0,0,0
0.0753315226559394,0,0,0
0.0813830226939764,0,0,0
0.107432166665053,0,0,0
0.137783579216251,0,0,0
0.0780727310079142,0,0,0
0.167935904225911,0,0,0
0.174271195036702,0,0,0
0.177454628446546,0,0,0
0.117663636388136,0,0,0
0.131101516974534,0,0,0
0.136832658155245,0,0,0
0.0983708982377699,0,0,0
0.115092295276759,0,0,0
0.0662397138440664,0,0,0
0.0779626888967086,0,0,0
0.0733868515281788,0,0,0
0.0561155086878381,0,0,0
0.05136122242929,0,0,0
0.0760568571429255,0,0,0
0.0576686521646373,0,0,0
0.0479844971660921,0,0,0
0.0457792932799966,0,0,0
0.0594552091189572,0,0,0
0.0616412207285388,0,0,0
0.054839949603976,0,0,0
0.0623433608100651,0,0,0
0.0582493091675981,0,0,0
0.0721820328148141,0,0,0
0.0695272429441688,0,0,0
0.0961901964888273,0,0,0
0.111516999548746,0,0,0
0.0866015731086981,0,0,0
0.0434200487938432,0,0,0
0.0489249604782085,0,0,0
0.0305159231778735,0,0,0
0.0295685170839989,0,0,0
0.0521451644771472,0,0,0
0.0642529994407895,0,0,0
0.127849916989316,0,0,0
0.0933171482549033,0,0,0
0.0796995914830505,0,0,0
0.0653145934687013,0,0,0
0.0771413525591607,0,0,0
0.0837222774186517,0,0,0
0.107733612777207,0,0,0
0.105620536064623,0,0,0
0.0821288716492548,0,0,0
0.0600065632739472,0,0,0
0.0685274265041956,0,0,0
0.0629780592575061,0,0,0
0.0831262453168827,0,0,0
0.0765651735463215,0,0,0
0.0448564089789654,0,0,0
0.0342947530427136,0,0,0
0.029049629626477,0,0,0
0.0387892168009594,0,0,0
0.0502308082500147,0,0,0
0.0630532974948573,0,0,0
0.0626881139146289,0,0,0
0.0598705010281403,0,0,0
0.0543581665232289,0,0,0
0.0472421592204691,0,0,0
0.0607513265453207,0,0,0
0.0528624841441296,0,0,0
0.0670812111496627,0,0,0
0.0841343304881027,0,0,0
0.0516214589288248,0,0,0
0.0723497433381284,0,0,0
0.0657975249221785,0,0,0
0.0550286396447915,0,0,0
0.0726283612304569,0,0,0
0.061097958738764,0,0,0
0.0591782197467739,0,0,0
0.0923625330442558,0,0,0
0.0842792773137268,0,0,0
0.0756298175741962,0,0,0
0.086186741244107,0,0,0
0.095526156743574,0,0,0
0.125928813768427,0,0,0
0.122240074962468,0,0,0
0.0934788956430469,0,0,0
0.0705694771991324,0,0,0
0.0619550675915656,0,0,0
0.0335118703297383,0,0,0
0.0433768000141449,0,0,0
0.058813054945402,0,0,0
0.0560109734830042,0,0,0
0.0848101047298603,0,0,0
0.190392290095153,0,0,0
0.143440891343858,0,0,0
0.0939492405990686,0,0,0
0.123356360124931,0,0,0
0.182430228848799,0,0,0
0.131252195999414,0,0,0
0.109023481357671,0,0,0
0.100107317511055,0,0,0
0.113056870318674,0,0,0
0.119798664398926,0,0,0
0.113294194801426,0,0,0
0.0986496633397121,0,0,0
0.0512167708776032,0,0,0
0.0489200102324079,0,0,0
0.0441308601967996,0,0,0
0.0263147485918925,0,0,0
0.0331674511448139,0,0,0
0.021027026255121,0,0,0
0.0269197823798382,0,0,0
0.0232441279301538,0,0,0
0.0296507900143631,0,0,0
0.0168361169149748,0,0,0
0.0237993389177183,0,0,0
0.0292357690928955,0,0,0
0.0243327648742685,0,0,0
0.0295418719542254,0,0,0
0.0351456196876024,0,0,0
0.0676680411118766,0,0,0
0.0766141633769458,0,0,0
0.0780323985049829,0,0,0
0.0437948408362088,0,0,0
0.0247101601628132,0,0,0
0.0319471266238204,0,0,0
0.0256792444191913,0,0,0
0.0292757548005442,0,0,0
0.0664786269392988,0,0,0
0.0909560657411501,0,0,0
0.0883338717887563,0,0,0
0.107586812654137,0,0,0
0.082862597418419,0,0,0
0.0654081053007263,0,0,0
0.0906364610165604,0,0,0
0.0760976134090062,0,0,0
0.0687635480247965,0,0,0
0.0973860751538849,0,0,0
0.0803142954496225,0,0,0
0.114843277883313,0,0,0
0.111916588436176,0,0,0
0.137787167811603,0,0,0
0.118649544062754,0,0,0
0.0613954712575494,0,0,0
0.076184163528039,0,0,0
0.038652006172581,0,0,0
0.0293098870129865,0,0,0
0.0425662110891807,0,0,0
0.0596382018470002,0,0,0
0.0612478727748948,0,0,0
0.0377298202265894,0,0,0
0.0542960323569012,0,0,0
0.062201312200239,0,0,0
0.0734785446795025,0,0,0
0.0435241990642989,0,0,0
0.0506568504107461,0,0,0
0.0403236968196224,0,0,0
0.0559992674217723,0,0,0
0.0619943408639496,0,0,0
0.073028926728653,0,0,0
0.04521926473464,0,0,0
0.0586276117708092,0,0,0
0.0540820149607502,0,0,0
0.0640156320587867,0,0,0
0.0587629400369093,0,0,0
0.0675664892481619,0,0,0
0.062728064804684,0,0,0
0.0585179516008349,0,0,0
0.0556298082250661,0,0,0
0.0356678130069312,0,0,0
0.0466184931763684,0,0,0
0.0728277209017642,0,0,0
0.071956916596363,0,0,0
0.0569992447318246,0,0,0
0.0496797274720782,0,0,0
0.0659603254651945,0,0,0
0.0767814908130827,0,0,0
0.0981332098612288,0,0,0
0.102808130867318,0,0,0
0.108333851905531,0,0,0
0.0599451511380994,0,0,0
0.0688358216064316,0,0,0
0.0749727096851807,0,0,0
0.054681502762868,0,0,0
0.0356026244897143,0,0,0
0.038014321891927,0,0,0
0.0295906303009138,0,0,0
0.0466227891310251,0,0,0
0.052312620527204,0,0,0
0.0274368664711699,0,0,0
0.0753168801732051,0,0,0
0.0869548688768404,0,0,0
0.0925979362390588,0,0,0
0.0954070391034859,0,0,0
0.0757675990837688,0,0,0
0.0571679441264617,0,0,0
0.0677952728360089,0,0,0
0.0502093658401824,0,0,0
0.0667731747432526,0,0,0
0.0564503391691437,0,0,0
0.0516876995912319,0,0,0
0.0472371173380353,0,0,0
0.0268807134937615,0,0,0
0.0319485766769994,0,0,0
0.0387586696396408,0,0,0
0.0332928369968559,0,0,0
0.0225946750679498,0,0,0
0.0266856774659036,0,0,0
0.0218434330319912,0,0,0
0.0286154662917987,0,0,0
0.0659903386454324,0,0,0
0.0671683632319967,0,0,0
0.0682556674301481,0,0,0
0.0689407730955677,0,0,0
0.0658178849748586,0,0,0
0.0580801678880904,0,0,0
0.0716883345846307,0,0,0
0.062834700916667,0,0,0
0.0837653481557612,0,0,0
0.042958721913489,0,0,0
0.0383349993270661,0,0,0
0.0549961337191151,0,0,0
0.0700713761727317,0,0,0
0.0970590333217146,0,0,0
0.0859572198739438,0,0,0
0.075492094273118,0,0,0
0.129523442510921,0,0,0
0.106110623781195,0,0,0
0.0898539636881986,0,0,0
0.117977909945562,0,0,0
0.142406901776943,0,0,0
0.108080534910548,0,0,0
0.150565192423891,0,0,0
0.164019917267734,0,0,0
0.0706188369245259,0,0,0
0.0882435868573694,0,0,0
0.100731945134339,0,0,0
0.110022170280467,0,0,0
0.0776672738254472,0,0,0
0.0462944185916754,0,0,0
0.0381639595036248,0,0,0
0.0342851389782986,0,0,0
0.0198823784753914,0,0,0
0.0274908835879881,0,0,0
0.0558838679580885,0,0,0
0.0679410664826832,0,0,0
0.0710045474288177,0,0,0
0.0927884365976339,0,0,0
0.104205742404765,0,0,0
0.125364806699644,0,0,0
0.135242955445304,0,0,0
0.0697228535309515,0,0,0
0.118241309964777,0,0,0
0.0926880225006678,0,0,0
0.0485356120596379,0,0,0
0.0394634481265139,0,0,0
0.0458852102518579,0,0,0
0.0550680364203637,0,0,0
0.0807110932610249,0,0,0
0.0715058665551174,0,0,0
0.112188437177908,0,0,0
0.0536253269122397,0,0,0
0.0550183553269564,0,0,0
0.0707861899403318,0,0,0
0.0905090207812223,0,0,0
0.0760740295790506,0,0,0
0.161950019312814,0,0,0
0.128802007636152,0,0,0
0.18774561218141,0,0,0
0.164601175389537,0,0,0
0.199417332095316,0,0,0
0.167625822658809,0,0,0
0.183265562458747,0,0,0
0.0851916227784544,0,0,0
0.0654429541011712,0,0,0
0.0794341377994381,0,0,0
0.0696296286655661,0,0,0
0.0898552736059855,0,0,0
0.0937477151936479,0,0,0
0.103994401566095,0,0,0
0.0780203129192512,0,0,0
0.0835261665197599,0,0,0
0.0661882843885033,0,0,0
0.0691963681665064,0,0,0
0.0428377480505486,0,0,0
0.0350274867545955,0,0,0
0.0311749680762999,0,0,0
0.0325376832549534,0,0,0
0.0513265673732586,0,0,0
0.0294918367609669,0,0,0
0.0319903430933528,0,0,0
0.0498218672854277,0,0,0
0.0447606374970358,0,0,0
0.0611881888227129,0,0,0
0.0791384858515867,0,0,0
0.0717132725025074,0,0,0
0.0878837558279575,0,0,0
0.0764897772171757,0,0,0
0.0631040431785027,0,0,0
0.100517406875984,0,0,0
0.0623474996578203,0,0,0
0.0515598535862758,0,0,0
0.0631173596283442,0,0,0
0.0629741965345167,0,0,0
0.0555574372412286,0,0,0
0.0703006900747379,0,0,0
0.062999656019483,0,0,0
0.0825304952214981,0,0,0
0.0831400986839938,0,0,0
0.0587886417885401,0,0,0
0.0378603072785314,0,0,0
0.0407068169091216,0,0,0
0.0595778626582055,0,0,0
0.0761199946002268,0,0,0
0.11309548941425,0,0,0
0.120064399653058,0,0,0
0.0934955631195725,0,0,0
0.0740801033895796,0,0,0
0.0680098296544142,0,0,0
0.0908908459814583,0,0,0
0.114218415799286,0,0,0
0.128449610240722,0,0,0
0.258784880949145,0,0,0
0.228391160236576,0,0,0
0.193896817183244,0,0,0
0.199204581760291,0,0,0
0.201200101633603,0,0,0
0.170855431799983,0,0,0
0.172285299181275,0,0,0
0.148464865942353,0,0,0
0.162057153833605,0,0,0
0.106719760650783,0,0,0
0.10393157709836,0,0,0
0.0777744855065662,0,0,0
0.0582588225499719,0,0,0
0.0731488357101662,0,0,0
0.0703779258379697,0,0,0
0.0770043823422746,0,0,0
0.0570579456797023,0,0,0
0.0697671684452584,0,0,0
0.0971411274338983,0,0,0
0.0886614032570957,0,0,0
0.0717525678004169,0,0,0
0.0784188258595369,0,0,0
0.0919307565871589,0,0,0
0.108715764859289,0,0,0
0.120162992822178,0,0,0
0.0877917403427477,0,0,0
0.0864072673123846,0,0,0
0.0729806115664247,0,0,0
0.0798167327070382,0,0,0
0.0793473186405355,0,0,0
0.0877164203656351,0,0,0
0.0799720462122075,0,0,0
0.0856696785654567,0,0,0
0.0634371165077981,0,0,0
0.0457755265210767,0,0,0
0.0648168234026615,0,0,0
0.0676802106748492,0,0,0
0.058081200247361,0,0,0
0.0536263483503297,0,0,0
0.0691662039535868,0,0,0
0.0608673935254382,0,0,0
0.152007856724415,0,0,0
0.150516942420358,0,0,0
0.172747377075625,0,0,0
0.167234750550954,0,0,0
0.0853247646385809,0,0,0
0.0726029851248503,0,0,0
0.0861456007132436,0,0,0
0.0461658511244294,0,0,0
0.0645240669489233,0,0,0
0.0502630682645755,0,0,0
0.0446851012174427,0,0,0
0.04367530906974,0,0,0
0.0380096842145073,0,0,0
0.0535472818976815,0,0,0
0.0612606159225318,0,0,0
0.0806090655087816,0,0,0
0.0614673570679394,0,0,0
0.0653718833083484,0,0,0
0.0866321013012357,0,0,0
0.0969595507225195,0,0,0
0.0973418804814098,0,0,0
0.163900188062224,0,0,0
0.139388853623205,0,0,0
0.135760365384334,0,0,0
0.143347685028871,0,0,0
0.0900919378389545,0,0,0
0.107207297778138,0,0,0
0.063047794397598,0,0,0
0.0558583380267209,0,0,0
0.0722368618662824,0,0,0
0.0884484437838084,0,0,0
0.15540249355335,0,0,0
0.0688440326850171,0,0,0
0.0472443854512703,0,0,0
0.0630824923547175,0,0,0
0.0595054022388561,0,0,0
0.0641707198398729,0,0,0
0.0705508043633174,0,0,0
0.0913223327661916,0,0,0
0.0757646052255202,0,0,0
0.0768855134034017,0,0,0
0.0603169051973981,0,0,0
0.0332058866818589,0,0,0
0.0434122052639877,0,0,0
0.0245496718062621,0,0,0
0.0282868833531069,0,0,0
0.0200760124489037,0,0,0
0.0245966398683226,0,0,0
0.0415024845254556,0,0,0
0.0387183727396418,0,0,0
0.0496686673954372,0,0,0
0.0557160710786385,0,0,0
0.0370797647139464,0,0,0
0.0349678880548546,0,0,0
0.0343652948568614,0,0,0
0.0291803643478181,0,0,0
0.0422827387868914,0,0,0
0.0495247601072025,0,0,0
0.0525620007318132,0,0,0
0.063380340057837,0,0,0
0.073402580344469,0,0,0
0.0616865069611242,0,0,0
0.0530129357973111,0,0,0
0.068250732514152,0,0,0
0.0621319681037749,0,0,0
0.0766715369380432,0,0,0
0.0944012855703149,0,0,0
0.0868939109709229,0,0,0
0.0599577442294204,0,0,0
0.0388834743964512,0,0,0
0.0597538771841582,0,0,0
0.0511050663203808,0,0,0
0.0649399254592072,0,0,0
0.0691557114433526,0,0,0
0.0541298763318586,0,0,0
0.0442282303948099,0,0,0
0.0445512268684143,0,0,0
0.0449575893829453,0,0,0
0.0683300961761538,0,0,0
0.0425681280204727,0,0,0
0.0502678566349538,0,0,0
0.0602820580742644,0,0,0
0.0554812063961688,0,0,0
0.0377275366352476,0,0,0
0.0331367843548772,0,0,0
0.0551490137511526,0,0,0
0.0656791867612811,0,0,0
0.0548435142204259,0,0,0
0.0467919027839655,0,0,0
0.0575185608100966,0,0,0
0.0439232140056346,0,0,0
0.0389632365123564,0,0,0
0.0501654836514686,0,0,0
0.039741855741688,0,0,0
0.0541925233787846,0,0,0
0.0610663876260805,0,0,0
0.07844262246044,0,0,0
0.0469520894713461,0,0,0
0.0441864421469217,0,0,0
0.0646809202770297,0,0,0
0.0755069485795268,0,0,0
0.0722095126813325,0,0,0
0.0747565314909283,0,0,0
0.0443715910173674,0,0,0
0.0431493532551481,0,0,0
0.0583884746457732,0,0,0
0.0324526160712256,0,0,0
0.0426717480009408,0,0,0
0.0271402494935732,0,0,0
0.0672480828414561,0,0,0
0.0752690339905855,0,0,0
0.0813894128794372,0,0,0
0.0890809659283743,0,0,0
0.101226266811323,0,0,0
0.0558588560472709,0,0,0
0.0716775146820231,0,0,0
0.0897270063526576,0,0,0
0.0891338101367437,0,0,0
0.142458973239628,0,0,0
0.059399336120863,0,0,0
0.0671602902553177,0,0,0
0.0775417316926268,0,0,0
0.0774932864417415,0,0,0
0.0857796273752988,0,0,0
0.083405057180642,0,0,0
0.0668369802374511,0,0,0
0.0374597124751799,0,0,0
0.0288999833163068,0,0,0
0.0401461201219509,0,0,0
0.0425280133327326,0,0,0
0.0238450358871426,0,0,0
0.0273758824214434,0,0,0
0.0285528711880952,0,0,0
0.0270539768620998,0,0,0
0.0315108321341716,0,0,0
0.0459089701695198,0,0,0
0.048407448271921,0,0,0
0.0760389319838613,0,0,0
0.087670613362027,0,0,0
0.0775519311828445,0,0,0
0.0919748948101585,0,0,0
0.128505815747093,0,0,0
0.141099715414762,0,0,0
0.125661402716572,0,0,0
0.0607927708770447,0,0,0
0.0652569198986547,0,0,0
0.0623729186214878,0,0,0
0.0719286963594114,0,0,0
0.0795129201294337,0,0,0
0.0480723513633961,0,0,0
0.0543237478181277,0,0,0
0.0598424431036422,0,0,0
0.0436816135861922,0,0,0
0.068016254726491,0,0,0
0.0821058061911007,0,0,0
0.0632643543535256,0,0,0
0.0537266214328681,0,0,0
0.0339760387187992,0,0,0
0.052412489600984,0,0,0
0.0429502240805137,0,0,0
0.0480983497054812,0,0,0
0.0275074454417693,0,0,0
0.0389414559897706,0,0,0
0.0447041580946972,0,0,0
0.0607919376313111,0,0,0
0.0526686707636483,0,0,0
0.0535621925813069,0,0,0
0.0566897099975767,0,0,0
0.076054380348402,0,0,0
0.0996684427721033,0,0,0
0.0996010730902263,0,0,0
0.0992712151434741,0,0,0
0.111898252981491,0,0,0
0.0502844023938625,0,0,0
0.0406060174389277,0,0,0
0.0358549224704687,0,0,0
0.0403906979973255,0,0,0
0.0445887758962774,0,0,0
0.0477585559686039,0,0,0
0.0314016659288292,0,0,0
0.0403399417034925,0,0,0
0.055682454812163,0,0,0
0.0696702506477822,0,0,0
0.0793888059732629,0,0,0
0.0467975262704673,0,0,0
0.0995736618277677,0,0,0
0.105091851321356,0,0,0
0.0968795318197565,0,0,0
0.107373086075838,0,0,0
0.0748760228115738,0,0,0
0.0679018732939578,0,0,0
0.0468316126476598,0,0,0
0.0534166602586299,0,0,0
0.0335326482235689,0,0,0
0.0314203690689096,0,0,0
0.040276375904333,0,0,0
0.0448663001204122,0,0,0
0.0300861304422247,0,0,0
0.0177364125536733,0,0,0
0.0255899856767404,0,0,0
0.0257810870361918,0,0,0
0.0305339104150959,0,0,0
0.030566075048814,0,0,0
0.0333669089182315,0,0,0
0.0426571872331101,0,0,0
0.0414870875682665,0,0,0
0.0275320670291794,0,0,0
0.0371386076283785,0,0,0
0.0222462466569312,0,0,0
0.0221308996042285,0,0,0
0.0294971189170013,0,0,0
0.0190391490670682,0,0,0
0.0230294891014734,0,0,0
0.0196517136116543,0,0,0
0.0169946479051329,0,0,0
0.0207825778941382,0,0,0
0.0274405348909974,0,0,0
0.0167262891224659,0,0,0
0.0223712284990582,0,0,0
0.0225696481222595,0,0,0
0.0432691347258843,0,0,0
0.0252894588661158,0,0,0
0.0382333235904613,0,0,0
0.0476230972723747,0,0,0
0.0398308987389036,0,0,0
0.0526052836462244,0,0,0
0.0569589632328957,0,0,0
0.110774214142258,0,0,0
0.0682908888476859,0,0,0
0.0528645524872549,0,0,0
0.0697450567402579,0,0,0
0.0496909169268042,0,0,0
0.0499571827862984,0,0,0
0.0587605908141514,0,0,0
0.0431032681493175,0,0,0
0.0440505887157477,0,0,0
0.0517312131361652,0,0,0
0.0699454132613024,0,0,0
0.0918301780806962,0,0,0
0.0705274903886807,0,0,0
0.097289449338739,0,0,0
0.0835483737752546,0,0,0
0.0743307995550063,0,0,0
0.0641101620977006,0,0,0
0.0853439767975164,0,0,0
0.0629446443585352,0,0,0
0.0843788749019543,0,0,0
0.0997912552305191,0,0,0
0.094471607289051,0,0,0
0.110001482754431,0,0,0
0.0584552534287601,0,0,0
0.0997575131458545,0,0,0
0.11723625524454,0,0,0
0.118747882754994,0,0,0
0.072008493416237,0,0,0
0.0550289879094332,0,0,0
0.043271368187929,0,0,0
0.0461131411815529,0,0,0
0.0552987729288016,0,0,0
0.0653912094946006,0,0,0
0.0522870078020082,0,0,0
0.0653602318993539,0,0,0
0.0660950961629872,0,0,0
0.0394741677493191,0,0,0
0.0530786905238808,0,0,0
0.0481717621274694,0,0,0
0.0379754575174545,0,0,0
0.037300435466821,0,0,0
0.0358268954166007,0,0,0
0.039561463943957,0,0,0
0.0465377980732899,0,0,0
0.0528449906702098,0,0,0
0.059714088638594,0,0,0
0.0465811318184209,0,0,0
0.0626900410836552,0,0,0
0.0664123708009803,0,0,0
0.0393110090545041,0,0,0
0.0341183282729064,0,0,0
0.0304897952047691,0,0,0
0.037648144839342,0,0,0
0.0358227676159259,0,0,0
0.0514459648238655,0,0,0
0.0650610146602217,0,0,0
0.0549772481693347,0,0,0
0.0883874469785438,0,0,0
0.102824515423364,0,0,0
0.105191312118171,0,0,0
0.141394147456976,0,0,0
0.0814452068252228,0,0,0
0.109048544372123,0,0,0
0.189714703294777,0,0,0
0.165300842781368,0,0,0
0.112681222132414,0,0,0
0.147815109814603,0,0,0
0.0708366253347783,0,0,0
0.0853793440430969,0,0,0
0.0854184909746924,0,0,0
0.0413998022018493,0,0,0
0.0665677113280654,0,0,0
0.0747674442420676,0,0,0
0.0547489566579049,0,0,0
0.0640286484820796,0,0,0
0.0548559573478655,0,0,0
0.046624316743325,0,0,0
0.0441501682673003,0,0,0
0.051698611945127,0,0,0
0.0806639935620852,0,0,0
0.0597293977654647,0,0,0
0.0742349269110891,0,0,0
0.0752385675173098,0,0,0
0.063125461354846,0,0,0
0.0466411636552168,0,0,0
0.0300225941022538,0,0,0
0.0325245802197296,0,0,0
0.0875895010909052,0,0,0
0.0741933427471026,0,0,0
0.0593441533825933,0,0,0
0.0870569273794562,0,0,0
0.0907784896889325,0,0,0
0.059230380726408,0,0,0
0.0320844705291994,0,0,0
0.0451120675203992,0,0,0
0.0260655609937423,0,0,0
0.0295325076798592,0,0,0
0.0338106038714319,0,0,0
0.0248930646826792,0,0,0
0.0204219216525041,0,0,0
0.0205990840000902,0,0,0
0.0244038849434742,0,0,0
0.072783376193902,0,0,0
0.0787625962839011,0,0,0
0.0500339444165086,0,0,0
0.0550837445558968,0,0,0
0.0342792554747196,0,0,0
0.0293170612454091,0,0,0
0.0207850663718191,0,0,0
0.0246507563058395,0,0,0
0.0223826502107153,0,0,0
0.0349883119907088,0,0,0
0.0392693990746482,0,0,0
0.0461883848766361,0,0,0
0.0563174640434901,0,0,0
0.137932922190108,0,0,0
0.179427231117247,0,0,0
0.107248562162952,0,0,0
0.059749231518996,0,0,0
0.0510892086278552,0,0,0
0.047344526245114,0,0,0
0.0596129837852029,0,0,0
0.0746362632712104,0,0,0
0.0894049943732175,0,0,0
0.121719943162833,0,0,0
0.0672647512501956,0,0,0
0.0845573752538381,0,0,0
0.0481216596491681,0,0,0
0.0780737656116138,0,0,0
0.0675234204498482,0,0,0
0.0572002217515234,0,0,0
0.0697971847376511,0,0,0
0.079547230079014,0,0,0
0.0792434613556173,0,0,0
0.0429561655253574,0,0,0
0.025184756220594,0,0,0
0.0327165212027137,0,0,0
0.0351086601881185,0,0,0
0.0419280820345227,0,0,0
0.0381176228737195,0,0,0
0.034943393895151,0,0,0
0.0329812549035413,0,0,0
0.0218413465240184,0,0,0
0.0284836943676088,0,0,0
0.0406643385882985,0,0,0
0.0466501642945961,0,0,0
0.0274142993799933,0,0,0
0.0306366871552957,0,0,0
0.022664997863466,0,0,0
0.0274685634072965,0,0,0
0.0253666265781944,0,0,0
0.0218694072493519,0,0,0
0.0277594178252899,0,0,0
0.0236036771856354,0,0,0
0.0272254984404388,0,0,0
0.0233416384947423,0,0,0
0.0207162883507532,0,0,0
0.0268471666104985,0,0,0
0.0298313478265412,0,0,0
0.0401520447282875,0,0,0
0.114958924844802,0,0,0
0.165368133532685,0,0,0
0.255271687939059,0,0,0
0.212343655981605,0,0,0
0.245930158085346,0,0,0
0.180836939202226,0,0,0
0.0701254043700892,0,0,0
0.0366629276142773,0,0,0
0.0395434497097765,0,0,0
0.0715841617322899,0,0,0
0.0697481278947724,0,0,0
0.07123899308278,0,0,0
0.0491315329930238,0,0,0
0.0575776436458375,0,0,0
0.044486955156049,0,0,0
0.0327479795899716,0,0,0
0.0292445829855256,0,0,0
0.0348755960516903,0,0,0
0.0339264697111648,0,0,0
0.045659274481165,0,0,0
0.0611321657450536,0,0,0
0.079732344218686,0,0,0
0.104168042835451,0,0,0
0.127813089173538,0,0,0
0.141322488696309,0,0,0
0.161998759566928,0,0,0
0.0742271462734468,0,0,0
0.119557875420221,0,0,0
0.130355561089787,0,0,0
0.0805843549258203,0,0,0
0.0541172572046872,0,0,0
0.0563142790064714,0,0,0
0.0717140096637171,0,0,0
0.078861627010745,0,0,0
0.0735036282523536,0,0,0
0.0960360023533636,0,0,0
0.0985645373770969,0,0,0
0.125987982177609,0,0,0
0.161714106568025,0,0,0
0.194935669337476,0,0,0
0.154473760527136,0,0,0
0.116843350988875,0,0,0
0.0515852285664358,0,0,0
0.038810964318592,0,0,0
0.0240786741401488,0,0,0
0.0299038007374369,0,0,0
0.0267722519244819,0,0,0
0.0370432743880429,0,0,0
0.0486073217146051,0,0,0
0.0349597813525018,0,0,0
0.0343816630947415,0,0,0
0.020595284214897,0,0,0
0.0323830465886986,0,0,0
0.0365077596774682,0,0,0
0.047373597168273,0,0,0
0.0317774556259999,0,0,0
0.0337656666767773,0,0,0
0.0338799364321336,0,0,0
0.0394946980255554,0,0,0
0.0364763446464002,0,0,0
0.053151434860883,0,0,0
0.0581147154718297,0,0,0
0.0669141440577936,0,0,0
0.0561024645724367,0,0,0
0.0508395502300373,0,0,0
0.0682471657761727,0,0,0
0.105509336800005,0,0,0
0.146464525452873,0,0,0
0.136164213460131,0,0,0
0.113687018761286,0,0,0
0.0882166491733063,0,0,0
0.131403820808351,0,0,0
0.102961515506503,0,0,0
0.0520491207391379,0,0,0
0.141988268391666,0,0,0
0.196239711229215,0,0,0
0.129684553270038,0,0,0
0.162110805664394,0,0,0
0.148776891749238,0,0,0
0.105804382955498,0,0,0
0.0531528612782479,0,0,0
0.0699506761484029,0,0,0
0.0376855025277475,0,0,0
0.0423562287762184,0,0,0
0.0490652667677095,0,0,0
0.0742212479493088,0,0,0
0.0815284236540604,0,0,0
0.0603918908879807,0,0,0
0.0455282689409669,0,0,0
0.0442673493098128,0,0,0
0.0611667844707263,0,0,0
0.060740638656094,0,0,0
0.0769685096892014,0,0,0
0.0679133919068252,0,0,0
0.0582386265828398,0,0,0
0.0623941104706687,0,0,0
0.0606374418793591,0,0,0
0.0703536636548658,0,0,0
0.0937717468287041,0,0,0
0.157669880634738,0,0,0
0.0880629420570859,0,0,0
0.124986126346961,0,0,0
0.106401444512462,0,0,0
0.0922217787718968,0,0,0
0.103699440709831,0,0,0
0.0951945959479643,0,0,0
0.113907140382413,0,0,0
0.087951187942868,0,0,0
0.0787054914898962,0,0,0
0.0774995340784059,0,0,0
0.069515132072151,0,0,0
0.0501784155566295,0,0,0
0.0592908822870125,0,0,0
0.0457799954616562,0,0,0
0.0982825237613653,0,0,0
0.0794290958077593,0,0,0
0.0668205570541528,0,0,0
0.055238275458718,0,0,0
0.0589561343796371,0,0,0
0.075957492527134,0,0,0
0.076400705164606,0,0,0
0.107414460275052,0,0,0
0.0878410404702033,0,0,0
0.149456618922422,0,0,0
0.203959527623531,0,0,0
0.0903655552138899,0,0,0
0.0986525744439631,0,0,0
0.049139769800205,0,0,0
0.100057791552156,0,0,0
0.0782047100076604,0,0,0
0.0546139322981162,0,0,0
0.0701398392614546,0,0,0
0.0757926818335098,0,0,0
0.06169714569442,0,0,0
0.082153162304828,0,0,0
0.0706925338326482,0,0,0
0.0882149469511164,0,0,0
0.0941496593223198,0,0,0
0.0773311494522206,0,0,0
0.0401039646093598,0,0,0
0.0429037041146049,0,0,0
0.0507287513694325,0,0,0
0.0893789665582872,0,0,0
0.0538000719430533,0,0,0
0.0740571917830928,0,0,0
0.0805335066619377,0,0,0
0.0982938936887631,0,0,0
0.085053402585383,0,0,0
0.116403614399325,0,0,0
0.132676352959441,0,0,0
0.0896529326776217,0,0,0
0.116598512042754,0,0,0
0.105809758861232,0,0,0
0.0417359112730209,0,0,0
0.0476372228334713,0,0,0
0.0657815800461821,0,0,0
0.074046479312672,0,0,0
0.0909213149150445,0,0,0
0.0579242121783738,0,0,0
0.0475989380643604,0,0,0
0.0745299146518998,0,0,0
0.0975839150639284,0,0,0
0.0882046188171112,0,0,0
0.066691651099944,0,0,0
0.0755341738737662,0,0,0
0.0888473272107413,0,0,0
0.111792453303598,0,0,0
0.1200422763989,0,0,0
0.109162892746598,0,0,0
0.121271986608318,0,0,0
0.23615496287896,0,0,0
0.157352302508114,0,0,0
0.160189428180947,0,0,0
0.172211541735537,0,0,0
0.20069128442096,0,0,0
0.181307884977809,0,0,0
0.0969689566774864,0,0,0
0.0900577632008189,0,0,0
0.108918069021301,0,0,0
0.0888750186815089,0,0,0
0.0606113671523324,0,0,0
0.0639500794851778,0,0,0
0.0645940630631075,0,0,0
0.030400341059737,0,0,0
0.0370238555408711,0,0,0
0.0322593577385964,0,0,0
0.0331579828844463,0,0,0
0.0602317704903548,0,0,0
0.0757264063197113,0,0,0
0.0969920823853909,0,0,0
0.119788338858987,0,0,0
0.0964026651055133,0,0,0
0.0820457988660753,0,0,0
0.0745728060054615,0,0,0
0.0679078135981085,0,0,0
0.0764569957148107,0,0,0
0.0689673615095539,0,0,0
0.0377490809947734,0,0,0
0.0509410224287586,0,0,0
0.0568221223005548,0,0,0
0.0746934499285264,0,0,0
0.0925757271731709,0,0,0
0.0677322776175188,0,0,0
0.0657444952174989,0,0,0
0.0403746804729277,0,0,0
0.0364750636307889,0,0,0
0.0269480395509146,0,0,0
0.0372102586853833,0,0,0
0.0601409561236688,0,0,0
0.074912494407751,0,0,0
0.0630999676754177,0,0,0
0.0872837147125607,0,0,0
0.110446148008144,0,0,0
0.0882653626860395,0,0,0
0.105739783914649,0,0,0
0.0526304123627936,0,0,0
0.0650059978807558,0,0,0
0.0570044031077229,0,0,0
0.0476595911887654,0,0,0
0.0409396941826337,0,0,0
0.0453204071673889,0,0,0
0.0573544636954115,0,0,0
0.0816453738295926,0,0,0
0.0964754873126326,0,0,0
0.106801471195675,0,0,0
0.0989636365895812,0,0,0
0.0836120329923408,0,0,0
0.034568167271841,0,0,0
0.033607211741224,0,0,0
0.0481468913409555,0,0,0
0.0464163395726579,0,0,0
0.0451451912792711,0,0,0
0.0289963355354481,0,0,0
0.0404033801141778,0,0,0
0.0438689608254031,0,0,0
0.0511113297566637,0,0,0
0.0551704217231373,0,0,0
0.0590442797362489,0,0,0
0.0521328628561829,0,0,0
0.0321017298833706,0,0,0
0.0336545957240763,0,0,0
0.0388595741790158,0,0,0
0.0216848128719173,0,0,0
0.0230688735556118,0,0,0
0.032737401247068,0,0,0
0.0475177132549363,0,0,0
0.0298255913269481,0,0,0
0.0232147072030435,0,0,0
0.0323041869034157,0,0,0
0.0420563561781786,0,0,0
0.0377923526311334,0,0,0
0.099707751896907,0,0,0
0.0982061103414876,0,0,0
0.111293806563982,0,0,0
0.123431286444982,0,0,0
0.13237609710182,0,0,0
0.0955616736524337,0,0,0
0.126000175210559,0,0,0
0.0970274438243096,0,0,0
0.114476918203897,0,0,0
0.0986826281546041,0,0,0
0.0750104768173889,0,0,0
0.0705788296581,0,0,0
0.0782360530443571,0,0,0
0.0680058888604437,0,0,0
0.0576205610126757,0,0,0
0.0497637157859876,0,0,0
0.0299387821870301,0,0,0
0.0200342474476021,0,0,0
0.0258357925251137,0,0,0
0.024645756874429,0,0,0
0.0362182648878495,0,0,0
0.0330517536392759,0,0,0
0.0230255279837979,0,0,0
0.0261283436154172,0,0,0
0.0335109159207573,0,0,0
0.0293275235160093,0,0,0
0.0430701195882803,0,0,0
0.0578577382995568,0,0,0
0.044582723736385,0,0,0
0.0458142109664198,0,0,0
0.0444731848790059,0,0,0
0.0705721922324019,0,0,0
0.0772619003339649,0,0,0
0.0646687934609754,0,0,0
0.0681970941921226,0,0,0
0.170446077638943,0,0,0
0.104755679361513,0,0,0
0.168757685268604,0,0,0
0.186855478103209,0,0,0
0.0845762299651453,0,0,0
0.0785305834480045,0,0,0
0.0719773710649212,0,0,0
0.0846217476578169,0,0,0
0.0498680289883819,0,0,0
0.0618140291801936,0,0,0
0.0754740287550241,0,0,0
0.0563774611835673,0,0,0
0.067190082537799,0,0,0
0.070767978564659,0,0,0
0.0558288908168922,0,0,0
0.0633469632429085,0,0,0
0.0345381869531184,0,0,0
0.0412463514914052,0,0,0
0.0417925470772105,0,0,0
0.0295901387562151,0,0,0
0.037713744443152,0,0,0
0.0425944408650689,0,0,0
0.0471660804085941,0,0,0
0.0468596069620963,0,0,0
0.0743805256423133,0,0,0
0.0938179891665046,0,0,0
0.0601082051722895,0,0,0
0.0519065037709387,0,0,0
0.0817545575003092,0,0,0
0.0910218435301052,0,0,0
0.0540250564545752,0,0,0
0.0481781510442709,0,0,0
0.0277189850487363,0,0,0
0.039698697817378,0,0,0
0.0548271781369133,0,0,0
0.0333009326955423,0,0,0
0.0312279160559812,0,0,0
0.0360483405762796,0,0,0
0.0399576007466413,0,0,0
0.0369842000528077,0,0,0
0.0297632854157924,0,0,0
0.0245824195150146,0,0,0
0.029551706044981,0,0,0
0.034476197696403,0,0,0
0.0845488824120767,0,0,0
0.044368069183843,0,0,0
0.0763752121158221,0,0,0
0.0915270504345437,0,0,0
0.0546165491204015,0,0,0
0.0433230386765763,0,0,0
0.0584663286488259,0,0,0
0.0490245972742756,0,0,0
0.072888983632924,0,0,0
0.0702704686771457,0,0,0
0.102181838439363,0,0,0
0.109265135999586,0,0,0
0.0563746830914657,0,0,0
0.0562411375466465,0,0,0
0.0718265715097793,0,0,0
0.0437503913610602,0,0,0
0.0424808761492318,0,0,0
0.0451420073681603,0,0,0
0.0550787245503761,0,0,0
0.034975976326973,0,0,0
0.0548025853249105,0,0,0
0.0537632279043629,0,0,0
0.0383643316404742,0,0,0
0.066721955906441,0,0,0
0.104453025922475,0,0,0
0.0954409269764301,0,0,0
0.120112188637628,0,0,0
0.075198450341816,0,0,0
0.0512333197406273,0,0,0
0.036361318773069,0,0,0
0.0387637238572695,0,0,0
0.0667771257098552,0,0,0
0.0564173655134429,0,0,0
0.0669868848549246,0,0,0
0.0852066931656546,0,0,0
0.0959524120079307,0,0,0
0.0561889170575107,0,0,0
0.0434358160204466,0,0,0
0.038639545998023,0,0,0
0.0657009982586582,0,0,0
0.0550873483172946,0,0,0
0.0501619255230108,0,0,0
0.107633392727843,0,0,0
0.0866896717823183,0,0,0
0.0640780695863616,0,0,0
0.067821287817697,0,0,0
0.12985582612212,0,0,0
0.09602546692865,0,0,0
0.0828411891526385,0,0,0
0.0829850260604089,0,0,0
0.108468366382597,0,0,0
0.114629135014368,0,0,0
0.103348840892451,0,0,0
0.0961135932562426,0,0,0
0.0459252739787254,0,0,0
0.0475926085925713,0,0,0
0.0345184095276571,0,0,0
0.0417834019284078,0,0,0
0.0362159260678737,0,0,0
0.0468587144091758,0,0,0
0.0437740009018703,0,0,0
0.0428834791996856,0,0,0
0.0420473554419811,0,0,0
0.0250027606157817,0,0,0
0.0251832610959005,0,0,0
0.0285690174378678,0,0,0
0.0283051469379529,0,0,0
0.0289455381466027,0,0,0
0.0303822435949474,0,0,0
0.0265286676226054,0,0,0
0.030797764070846,0,0,0
0.0347095423775062,0,0,0
0.0289776155614675,0,0,0
0.0228383892236536,0,0,0
0.0235702318685816,0,0,0
0.0366787264151748,0,0,0
0.0573010314135768,0,0,0
0.0675412813302951,0,0,0
0.0836856880683787,0,0,0
0.0679294419551758,0,0,0
0.161647481697736,0,0,0
0.0888361202652969,0,0,0
0.0717113767104778,0,0,0
0.0586667204298902,0,0,0
0.0682182828593288,0,0,0
0.0805117772528587,0,0,0
0.101790092129809,0,0,0
0.0890989584738094,0,0,0
0.081910596157283,0,0,0
0.0476451997426391,0,0,0
0.0374953794844605,0,0,0
0.054237548004781,0,0,0
0.0654471517596342,0,0,0
0.0657580309483192,0,0,0
0.0633448420346223,0,0,0
0.0735190581293434,0,0,0
0.0588090279869137,0,0,0
0.0318851468686749,0,0,0
0.0290754018166757,0,0,0
0.036146383272566,0,0,0
0.0414012846572961,0,0,0
0.0467997970244103,0,0,0
0.0290216523019273,0,0,0
0.0368388511863508,0,0,0
0.0340771256951357,0,0,0
0.0333706037301851,0,0,0
0.0477547855774703,0,0,0
0.0524498441191298,0,0,0
0.0582895466802283,0,0,0
0.0740496980659953,0,0,0
0.0458324800848066,0,0,0
0.0430504447174386,0,0,0
0.0462550755957606,0,0,0
0.03285924992292,0,0,0
0.0416412658471018,0,0,0
0.0471521021253239,0,0,0
0.0629335104457073,0,0,0
0.0796043019914064,0,0,0
0.0861785380479746,0,0,0
0.0550732796793928,0,0,0
0.0616454546747792,0,0,0
0.077514525274863,0,0,0
0.146545685278582,0,0,0
0.14127978674782,0,0,0
0.106899902742523,0,0,0
0.107850051572212,0,0,0
0.0991300756096515,0,0,0
0.0879361437061191,0,0,0
0.0433698317819677,0,0,0
0.0548942742256455,0,0,0
0.0580275330064038,0,0,0
0.0567323427560911,0,0,0
0.0528627268281611,0,0,0
0.0374722449034135,0,0,0
0.0493382996098465,0,0,0
0.0336315465806827,0,0,0
0.064964387886227,0,0,0
0.0524833014743307,0,0,0
0.0562540966168689,0,0,0
0.0526020467001633,0,0,0
0.0780684204941652,0,0,0
0.08369508931386,0,0,0
0.0839262246524295,0,0,0
0.0703249968023988,0,0,0
0.0846968330624028,0,0,0
0.0968495696357747,0,0,0
0.0967011353052181,0,0,0
0.0812384049170584,0,0,0
0.108354893869912,0,0,0
0.0658748709478824,0,0,0
0.0766772853867878,0,0,0
0.0447548924056006,0,0,0
0.0298088618146286,0,0,0
0.0354195974782412,0,0,0
0.0399469355475503,0,0,0
0.0390430187895639,0,0,0
0.0437193132337806,0,0,0
0.0555458663847486,0,0,0
0.0448490859221884,0,0,0
0.0457637192442955,0,0,0
0.0247864822834539,0,0,0
0.0217284288887177,0,0,0
0.0254414275050832,0,0,0
0.0331306845267258,0,0,0
0.0311234020466603,0,0,0
0.0217760559495833,0,0,0
0.019764505304565,0,0,0
0.019023037316834,0,0,0
0.01386478723825,0,0,0
0.0136915987838032,0,0,0
0.0219122210487402,0,0,0
0.0139493331851614,0,0,0
0.0146488680081961,0,0,0
0.011662555109877,0,0,0
0.0179033333905813,0,0,0
0.0252734154090941,0,0,0
0.018930572103587,0,0,0
0.0129795287899707,0,0,0
0.0150473430989185,0,0,0
0.0171790794465112,0,0,0
0.0231610140983411,0,0,0
0.0230502185507035,0,0,0
0.022597551665845,0,0,0
0.0321856004875159,0,0,0
0.0298001004733677,0,0,0
0.0189367774155512,0,0,0
0.0528674733481904,0,0,0
0.0486978892821039,0,0,0
0.0705080521534606,0,0,0
0.0739445723605597,0,0,0
0.091057363912002,0,0,0
0.0877857572384159,0,0,0
0.0902027735796868,0,0,0
0.0793280355711459,0,0,0
0.0438893861323826,0,0,0
0.0427199838005505,0,0,0
0.0345644561501266,0,0,0
0.0245111597343101,0,0,0
0.034321379892624,0,0,0
0.0463570555702905,0,0,0
0.05798427582847,0,0,0
0.0307441965266734,0,0,0
0.0344142923570516,0,0,0
0.0457933743025618,0,0,0
0.0264488071586095,0,0,0
0.0261433739907268,0,0,0
0.0314857899352128,0,0,0
0.0357756814364151,0,0,0
0.0457732471579012,0,0,0
0.0355091539804862,0,0,0
0.0383781037171897,0,0,0
0.0351693323206433,0,0,0
0.0387165344972488,0,0,0
0.0457712555822135,0,0,0
0.0397002582087751,0,0,0
0.044332507837022,0,0,0
0.0408848657997461,0,0,0
0.0510830675451167,0,0,0
0.0452896657800441,0,0,0
0.0350714076104217,0,0,0
0.0313512656899434,0,0,0
0.029090164165875,0,0,0
0.0441922352608842,0,0,0
0.0513939630890896,0,0,0
0.101935163866745,0,0,0
0.0810533553496038,0,0,0
0.0942355634281572,0,0,0
0.0818192003858738,0,0,0
0.0904149380824396,0,0,0
0.122564956671023,0,0,0
0.0991312402179852,0,0,0
0.116842228370637,0,0,0
0.0439430122394173,0,0,0
0.0584240958777151,0,0,0
0.0350361866075161,0,0,0
0.0390931632760314,0,0,0
0.0550904340241989,0,0,0
0.0769768631963129,0,0,0
0.0464154278911409,0,0,0
0.0294486543523657,0,0,0
0.0290858807890509,0,0,0
0.037728117905263,0,0,0
0.0246978926402113,0,0,0
0.0318093483485693,0,0,0
0.0233165501630863,0,0,0
0.0346024021988608,0,0,0
0.0502441021661526,0,0,0
0.046665191733766,0,0,0
0.0747513127772077,0,0,0
0.143157430852399,0,0,0
0.101321324097531,0,0,0
0.0630159792492565,0,0,0
0.0596891682606855,0,0,0
0.0919633861670277,0,0,0
0.0763407619863526,0,0,0
0.0832921320325483,0,0,0
0.0922119252818579,0,0,0
0.112223683461265,0,0,0
0.10102087349641,0,0,0
0.104197829122235,0,0,0
0.122606111832828,0,0,0
0.0693633659602052,0,0,0
0.03762323438023,0,0,0
0.0354551506306338,0,0,0
0.0236798390098651,0,0,0
0.0298602667603274,0,0,0
0.0353677330171416,0,0,0
0.0210874388683275,0,0,0
0.0201067004774982,0,0,0
0.0595382251333739,0,0,0
0.0526146479689087,0,0,0
0.0544189767166084,0,0,0
0.0633918969612112,0,0,0
0.0765990843327114,0,0,0
0.0744617780772675,0,0,0
0.0668114695073682,0,0,0
0.0541179864839311,0,0,0
0.0309807892901801,0,0,0
0.046722125768293,0,0,0
0.032418774992272,0,0,0
0.0193103052947271,0,0,0
0.0279045787040305,0,0,0
0.0354804881692379,0,0,0
0.0276985868634105,0,0,0
0.064283377061778,0,0,0
0.0748192950340648,0,0,0
0.0704680466055377,0,0,0
0.0492326881910636,0,0,0
0.0577838537051261,0,0,0
0.0638819381388881,0,0,0
0.0677038860204465,0,0,0
0.0666845906682075,0,0,0
0.0475023105822303,0,0,0
0.0465008040394024,0,0,0
0.0422303814120723,0,0,0
0.0336967304032311,0,0,0
0.0431430056805192,0,0,0
0.0545309094632001,0,0,0
0.0719329597418841,0,0,0
0.0530197879099094,0,0,0
0.0364509160525442,0,0,0
0.0463002589384875,0,0,0
0.0465556776874294,0,0,0
0.0411011152648119,0,0,0
0.0482265842589094,0,0,0
0.0886568427133628,0,0,0
0.101028901663208,0,0,0
0.124577104085367,0,0,0
0.15013116676752,0,0,0
0.176519331979781,0,0,0
0.148016816323738,0,0,0
0.107487937567119,0,0,0
0.0883317620743438,0,0,0
0.0977752315374602,0,0,0
0.095298915272927,0,0,0
0.105444056286979,0,0,0
0.0859193575467983,0,0,0
0.0945259178637428,0,0,0
0.094415354832388,0,0,0
0.0874269158680229,0,0,0
0.0669754579428868,0,0,0
0.0634704540284478,0,0,0
0.0681269615843621,0,0,0
0.0552777296957516,0,0,0
0.0337921470046066,0,0,0
0.0291320220208307,0,0,0
0.0405602334542947,0,0,0
0.0373652403717923,0,0,0
0.0557831062299118,0,0,0
0.0709148522071186,0,0,0
0.0465705869243076,0,0,0
0.0538991482691696,0,0,0
0.0702466173245652,0,0,0
0.105272399413695,0,0,0
0.105483352245264,0,0,0
0.11333845456365,0,0,0
0.1225003337358,0,0,0
0.183784708319759,0,0,0
0.0913434047729288,0,0,0
0.0957461951861084,0,0,0
0.0874067595640881,0,0,0
0.037451551637575,0,0,0
0.0507313933959446,0,0,0
0.0319489520800525,0,0,0
0.040015671591492,0,0,0
0.0260815982534598,0,0,0
0.0233723097774963,0,0,0
0.0325650441851318,0,0,0
0.0314369667071211,0,0,0
0.0524383989790174,0,0,0
0.0542144532787508,0,0,0
0.0389379356144853,0,0,0
0.0661608264407598,0,0,0
0.036026755067807,0,0,0
0.0318768421452006,0,0,0
0.0356788250076442,0,0,0
0.0471541720807487,0,0,0
0.0334478286362786,0,0,0
0.0317255292085129,0,0,0
0.0289786800817116,0,0,0
0.081383144993593,0,0,0
0.0884406358223468,0,0,0
0.130274988977766,0,0,0
0.153265307665273,0,0,0
0.156970246198148,0,0,0
0.0799581441117306,0,0,0
0.0676185393064979,0,0,0
0.158429720084676,0,0,0
0.121624335106764,0,0,0
0.0889390980559154,0,0,0
0.0890570465740386,0,0,0
0.0930010718604385,0,0,0
0.116274194163014,0,0,0
0.187021067906441,0,0,0
0.201838659040337,0,0,0
0.160225942668303,0,0,0
0.119885114504496,0,0,0
0.130533696148696,0,0,0
0.0842232730549711,0,0,0
0.0784313527737527,0,0,0
0.0473279507525002,0,0,0
0.0672993114526177,0,0,0
0.0602014878523371,0,0,0
0.0584689514990323,0,0,0
0.0433364833622606,0,0,0
0.0435181896109681,0,0,0
0.0828958683670218,0,0,0
0.101157211073589,0,0,0
0.0969821936789869,0,0,0
0.109696145760219,0,0,0
0.0971543484306455,0,0,0
0.0898321711343253,0,0,0
0.0925946949133411,0,0,0
0.0807132540891763,0,0,0
0.0762011187587718,0,0,0
0.0656547785436151,0,0,0
0.0731921629388524,0,0,0
0.0881558892720644,0,0,0
0.0610838302490515,0,0,0
0.063181545271909,0,0,0
0.0639372342086371,0,0,0
0.0658215989264419,0,0,0
0.0814726392261785,0,0,0
0.0599694613272715,0,0,0
0.0305087569067891,0,0,0
0.0334421449583184,0,0,0
0.0289127061172375,0,0,0
0.044190387929518,0,0,0
0.071332014059841,0,0,0
0.102791287451865,0,0,0
0.157057880206434,0,0,0
0.145080546045336,0,0,0
0.0840480514181672,0,0,0
0.0896224863430816,0,0,0
0.110836296468516,0,0,0
0.113059445757113,0,0,0
0.0869749219929137,0,0,0
0.072499711833837,0,0,0
0.0793657403690997,0,0,0
0.0592480710389811,0,0,0
0.0893391287460697,0,0,0
0.10735575107823,0,0,0
0.120922148617786,0,0,0
0.0929052125503722,0,0,0
0.0980891328724101,0,0,0
0.105043992025133,0,0,0
0.0921961623957316,0,0,0
0.0888611990366388,0,0,0
0.0982292505194143,0,0,0
0.0813504094717323,0,0,0
0.0606928098161603,0,0,0
0.0722315121949418,0,0,0
0.0560220808141437,0,0,0
0.0679969356898061,0,0,0
0.0496966417583725,0,0,0
0.05365810969997,0,0,0
0.0710497032141429,0,0,0
0.0714672538898229,0,0,0
0.0757490105952513,0,0,0
0.0461576155966625,0,0,0
0.0470094597405641,0,0,0
0.0258104722655219,0,0,0
0.0290220487366334,0,0,0
0.0320691640300697,0,0,0
0.0343355804229553,0,0,0
0.0462146234820745,0,0,0
0.055857676066523,0,0,0
0.0525692350205647,0,0,0
0.0610294072181415,0,0,0
0.112667842996868,0,0,0
0.115950837942635,0,0,0
0.0883968998301308,0,0,0
0.099472951583901,0,0,0
0.105753254675371,0,0,0
0.0536746500012715,0,0,0
0.0464801673942397,0,0,0
0.0408208769866984,0,0,0
0.0251222432423863,0,0,0
0.0293198033154668,0,0,0
0.0287776899717414,0,0,0
0.0319382971693623,0,0,0
0.0186292270514869,0,0,0
0.0156609748451915,0,0,0
0.0146826299915892,0,0,0
0.0195889836120418,0,0,0
0.0260673784987956,0,0,0
0.0155092210757266,0,0,0
0.0193333537545256,0,0,0
0.032290583116603,0,0,0
0.0363339563315468,0,0,0
0.0371387780819075,0,0,0
0.036954932395224,0,0,0
0.0527194468258509,0,0,0
0.0588210451214253,0,0,0
0.0465310279989105,0,0,0
0.0627903225333586,0,0,0
0.061843231699899,0,0,0
0.0859868039767276,0,0,0
0.0892407617510258,0,0,0
0.10399619044813,0,0,0
0.105466663907087,0,0,0
0.0807990808838456,0,0,0
0.0865632339060489,0,0,0
0.0671129062134251,0,0,0
0.0572933488656042,0,0,0
0.0698415462063511,0,0,0
0.0571290738498935,0,0,0
0.0781868734379906,0,0,0
0.0546806458716395,0,0,0
0.0454989771349836,0,0,0
0.0500925445213883,0,0,0
0.068972228768576,0,0,0
0.0379694740999267,0,0,0
0.068537047089168,0,0,0
0.0623655758423639,0,0,0
0.0587685037975304,0,0,0
0.0683111694466665,0,0,0
0.0960541940266975,0,0,0
0.103694879191734,0,0,0
0.115436102928034,0,0,0
0.105638267191352,0,0,0
0.0976585065162254,0,0,0
0.0792480408724045,0,0,0
0.0788694258132905,0,0,0
0.0516904893723236,0,0,0
0.0627663686677184,0,0,0
0.0580394475106208,0,0,0
0.0699575236151838,0,0,0
0.0720715168440121,0,0,0
0.0522040009294157,0,0,0
0.0618513521037665,0,0,0
0.0524379718356927,0,0,0
0.0399904388344362,0,0,0
0.0255213631166624,0,0,0
0.0216359310635974,0,0,0
0.0295843113376335,0,0,0
0.0285195951564376,0,0,0
0.0385583796434365,0,0,0
0.0248337430607042,0,0,0
0.0385923325041473,0,0,0
0.0415533799674782,0,0,0
0.0547926379866906,0,0,0
0.060066986948022,0,0,0
0.0655540403979065,0,0,0
0.0864296938353949,0,0,0
0.0749677148949619,0,0,0
0.0956009772828119,0,0,0
0.09294591897397,0,0,0
0.0529018054836667,0,0,0
0.0560003232966685,0,0,0
0.0475932332596789,0,0,0
0.0408793425491901,0,0,0
0.0315145115388889,0,0,0
0.0362163365826676,0,0,0
0.0448842595079113,0,0,0
0.0617484245243116,0,0,0
0.0364478114468236,0,0,0
0.037632804445613,0,0,0
0.0239985510948073,0,0,0
0.0196931141751037,0,0,0
0.028917681369811,0,0,0
0.0361456754836371,0,0,0
0.0500426591199697,0,0,0
0.0532835256880151,0,0,0
0.05304738912031,0,0,0
0.0545503344763609,0,0,0
0.0309358757371742,0,0,0
0.0171681323324269,0,0,0
0.0192676539584824,0,0,0
0.0224171275941414,0,0,0
0.0190492839627917,0,0,0
0.02004127669581,0,0,0
0.0266994198983258,0,0,0
0.0286559413790578,0,0,0
0.0357308979352281,0,0,0
0.0323817252130366,0,0,0
0.0521381199367749,0,0,0
0.0486371407722171,0,0,0
0.0710072201471103,0,0,0
0.0440333217773717,0,0,0
0.0637259541978607,0,0,0
0.0866764549353602,0,0,0
0.0634521573091935,0,0,0
0.0481682083717344,0,0,0
0.0632856555130839,0,0,0
0.0797907634729344,0,0,0
0.0793134511208688,0,0,0
0.0964710422167159,0,0,0
0.0831314990473176,0,0,0
0.0984454125729256,0,0,0
0.0831663723214615,0,0,0
0.0555281297816925,0,0,0
0.0674836164912644,0,0,0
0.0417343720883555,0,0,0
0.0556989848439825,0,0,0
0.0652325984673809,0,0,0
0.0736561207463453,0,0,0
0.0849166171583783,0,0,0
0.0689556763349933,0,0,0
0.134074575109359,0,0,0
0.150203298243146,0,0,0
0.129717728771031,0,0,0
0.191336040229014,0,0,0
0.0758888340118483,0,0,0
0.0619585152032499,0,0,0
0.0682912577356909,0,0,0
0.152585141032001,0,0,0
0.119805193834121,0,0,0
0.233538727066912,0,0,0
0.114457303413621,0,0,0
0.077382736737105,0,0,0
0.119656814968156,0,0,0
0.0818845483978542,0,0,0
0.106385271766421,0,0,0
0.0640689641421884,0,0,0
0.0803857819588475,0,0,0
0.0897567234323457,0,0,0
0.0554203981572296,0,0,0
0.0511524477962045,0,0,0
0.034880567749222,0,0,0
0.0329184420830839,0,0,0
0.0453504647392369,0,0,0
0.0530839577198678,0,0,0
0.0514560050109683,0,0,0
0.0525019935303609,0,0,0
0.0534834820562848,0,0,0
0.0387071430525654,0,0,0
0.0225811146014238,0,0,0
0.0250498918260492,0,0,0
0.0308775467367084,0,0,0
0.0446798399205321,0,0,0
0.057150984155763,0,0,0
0.0749286269284865,0,0,0
0.0939266844763319,0,0,0
0.0874477578961677,0,0,0
0.0728449580694688,0,0,0
0.0914190939720131,0,0,0
0.21203880659682,0,0,0
0.265135086394065,0,0,0
0.285120970745763,0,0,0
0.133427304107512,0,0,0
0.0658590759124914,0,0,0
0.0730025134503194,0,0,0
0.0635461561396068,0,0,0
0.052559714796977,0,0,0
0.0543362937729903,0,0,0
0.0733303734363324,0,0,0
0.0658592154370984,0,0,0
0.0788167581517765,0,0,0
0.0484266673978815,0,0,0
0.125231780530867,0,0,0
0.126873126065431,0,0,0
0.139587527267701,0,0,0
0.101396184328368,0,0,0
0.190851047807142,0,0,0
0.0965167186687754,0,0,0
0.0767250062631149,0,0,0
0.0706876780745676,0,0,0
0.0908459096258293,0,0,0
0.110037754134244,0,0,0
0.115362976943412,0,0,0
0.158336630598468,0,0,0
0.193871237285026,0,0,0
0.138710697034344,0,0,0
0.137282916199549,0,0,0
0.075625241414381,0,0,0
0.040080754937091,0,0,0
0.0229941502314073,0,0,0
0.0217255275432672,0,0,0
0.0294570319487678,0,0,0
0.0419811492220094,0,0,0
0.0245121866830906,0,0,0
0.0312692464013631,0,0,0
0.0398682493168919,0,0,0
0.0406945229635212,0,0,0
0.0312853729191524,0,0,0
0.0469769499648888,0,0,0
0.0538729822339888,0,0,0
0.0595238132928674,0,0,0
0.0565645255527805,0,0,0
0.0597230953715341,0,0,0
0.0698327009240448,0,0,0
0.0989374755623696,0,0,0
0.114169675650173,0,0,0
0.129468767967998,0,0,0
0.142384580257252,0,0,0
0.1109424028138,0,0,0
0.0886186221040571,0,0,0
0.0747922350975293,0,0,0
0.0931714934269762,0,0,0
0.0891416317948297,0,0,0
0.0786130652788791,0,0,0
0.0950808235588055,0,0,0
0.126996012477395,0,0,0
0.151073388545398,0,0,0
0.114431231594313,0,0,0
0.0897835013385323,0,0,0
0.108883250236607,0,0,0
0.0532003153554684,0,0,0
0.118422740929652,0,0,0
0.0909183204344876,0,0,0
0.0935757353821942,0,0,0
0.0786718772269668,0,0,0
0.102297515694783,0,0,0
0.0990173330901723,0,0,0
0.0733962767039336,0,0,0
0.0814038713574047,0,0,0
0.089344526101154,0,0,0
0.0830098576284719,0,0,0
0.159233851834575,0,0,0
0.120516707143453,0,0,0
0.10925225713244,0,0,0
0.099513096385084,0,0,0
0.104942245742068,0,0,0
0.0729285787819084,0,0,0
0.0382605365265917,0,0,0
0.0341842674004894,0,0,0
0.0299056414166821,0,0,0
0.0431979002593483,0,0,0
0.0456355814240869,0,0,0
0.0421366296539698,0,0,0
0.0421900723382322,0,0,0
0.0297798607740784,0,0,0
0.0384621323650644,0,0,0
0.0447591515666213,0,0,0
0.0329467773622922,0,0,0
0.0396463293278683,0,0,0
0.0557189413502722,0,0,0
0.0690794412515607,0,0,0
0.0698174459609452,0,0,0
0.0964379401912097,0,0,0
0.0552653269185738,0,0,0
0.0639575848324354,0,0,0
0.063762766241386,0,0,0
0.0559386094302202,0,0,0
0.0523037458560385,0,0,0
0.0649493969623132,0,0,0
0.0937307354395358,0,0,0
0.0566518324940599,0,0,0
0.0351330758435794,0,0,0
0.0483699741013256,0,0,0
0.0419588098192882,0,0,0
0.0321688006192612,0,0,0
0.0418293859998392,0,0,0
0.0378706258672909,0,0,0
0.0466138127795108,0,0,0
0.041247994808163,0,0,0
0.0597884517679824,0,0,0
0.049437130141276,0,0,0
0.0470317333975365,0,0,0
0.0391787374630099,0,0,0
0.0642864996139727,0,0,0
0.0940483732287836,0,0,0
0.124965171434319,0,0,0
0.0783040588836842,0,0,0
0.203221569815445,0,0,0
0.197114468660243,0,0,0
0.212104296857859,0,0,0
0.136903298657642,0,0,0
0.0970608966979927,0,0,0
0.127498141612326,0,0,0
0.0980120133194176,0,0,0
0.0484830235157367,0,0,0
0.047477169685617,0,0,0
0.0645165641996133,0,0,0
0.0322529088876891,0,0,0
0.0391594633738787,0,0,0
0.0375512058443177,0,0,0
0.0418353864006268,0,0,0
0.0507293979446081,0,0,0
0.0360242461057292,0,0,0
0.0363747276766882,0,0,0
0.041587879502891,0,0,0
0.0535008532771016,0,0,0
0.0679565671222398,0,0,0
0.0694285450147574,0,0,0
0.0732736808794308,0,0,0
0.0474210437163393,0,0,0
0.0617962963428809,0,0,0
0.0624066631898444,0,0,0
0.0498089386188691,0,0,0
0.0522025680051293,0,0,0
0.0460543825874775,0,0,0
0.0407963313186278,0,0,0
0.0237866021533998,0,0,0
0.0282563835588547,0,0,0
0.0255836911614988,0,0,0
0.0326610274711001,0,0,0
0.0330505289211945,0,0,0
0.0376850706049802,0,0,0
0.0531186284925942,0,0,0
0.0593452988916429,0,0,0
0.0796411283915152,0,0,0
0.100326286823298,0,0,0
0.0954824723150854,0,0,0
0.107562166326328,0,0,0
0.0647306443698267,0,0,0
0.0565974480731083,0,0,0
0.0461350058919114,0,0,0
0.0464519782717118,0,0,0
0.0271648263800422,0,0,0
0.0380412370901428,0,0,0
0.046755536760952,0,0,0
0.0705760125980905,0,0,0
0.0704779700383757,0,0,0
0.0824456054990554,0,0,0
0.0439067741378739,0,0,0
0.051865267558105,0,0,0
0.0652406506878561,0,0,0
0.0398255072088324,0,0,0
0.054391785974187,0,0,0
0.0565479659880958,0,0,0
0.0403312453224025,0,0,0
0.0572637482398666,0,0,0
0.073530556224635,0,0,0
0.0523763108107527,0,0,0
0.0597766196916776,0,0,0
0.0544066306358628,0,0,0
0.0487987035325219,0,0,0
0.0577486286716392,0,0,0
0.0559583777305812,0,0,0
0.0544886794913691,0,0,0
0.0644682014140733,0,0,0
0.0742695985016151,0,0,0
0.0879565696644048,0,0,0
0.0689160866053879,0,0,0
0.110045673185795,0,0,0
0.0897031610701442,0,0,0
0.0456695070076931,0,0,0
0.041964797421198,0,0,0
0.0522848474070371,0,0,0
0.0630322386414947,0,0,0
0.0545760987798995,0,0,0
0.0456220048380604,0,0,0
0.0545672807723999,0,0,0
0.0683350036027622,0,0,0
0.0798905245537478,0,0,0
0.145418856210265,0,0,0
0.0797459048915968,0,0,0
0.0727863308088917,0,0,0
0.0388520112104281,0,0,0
0.041357122291934,0,0,0
0.0523674448414708,0,0,0
0.0566132576953171,0,0,0
0.0505578730895635,0,0,0
0.0569809695945195,0,0,0
0.0584583482112465,0,0,0
0.0671009294785188,0,0,0
0.0476182809635439,0,0,0
0.0709972115781689,0,0,0
0.0706719252244287,0,0,0
0.0459233943314653,0,0,0
0.0496115763432678,0,0,0
0.0558179125805735,0,0,0
0.0635008219682375,0,0,0
0.0797023267607859,0,0,0
0.0582570122153627,0,0,0
0.059958400614461,0,0,0
0.0625597859627236,0,0,0
0.0732987381763756,0,0,0
0.089284685433412,0,0,0
0.0885021193064057,0,0,0
0.106716611404439,0,0,0
0.065414954202971,0,0,0
0.0719283605069227,0,0,0
0.0840404241575228,0,0,0
0.114864630649904,0,0,0
0.126044919112395,0,0,0
0.117805573570583,0,0,0
0.122966441290534,0,0,0
0.05246605736497,0,0,0
0.0614401069159478,0,0,0
0.0627641524059607,0,0,0
0.0345416588456383,0,0,0
0.0415749758818568,0,0,0
0.0533847643613675,0,0,0
0.0451631080711054,0,0,0
0.0564794757163242,0,0,0
0.0630784186069636,0,0,0
0.0691853757687932,0,0,0
